,nd,tsd
0,37910,38704
1,38047,38964
2,37380,38651
3,36426,37775
4,35687,37298
5,35408,37135
6,34322,36844
7,33076,35678
8,31970,34635
9,31270,33934
10,30726,33378
11,30320,32915
12,30429,32875
13,30287,32720
14,29650,31900
15,28841,31055
16,29007,31094
17,29787,31440
18,31362,32079
19,33257,33926
20,34932,35602
21,36579,37312
22,37967,38751
23,39235,40013
24,40204,41058
25,40672,41457
26,40806,41479
27,40781,41450
28,40758,41427
29,40524,41189
30,40796,41417
31,41703,42332
32,43527,44133
33,45488,46096
34,46028,46634
35,45876,46515
36,45195,45865
37,44289,44965
38,43784,44579
39,42583,43425
40,42181,43000
41,40746,41596
42,39961,40813
43,38333,39182
44,36951,37797
45,35987,36781
46,34769,36116
47,33504,35379
48,34221,35837
49,34029,36024
50,33705,35718
51,32904,34798
52,32715,34528
53,32867,34673
54,32262,34161
55,31464,33540
56,30776,32965
57,30347,32513
58,30291,32319
59,30595,32473
60,31900,33437
61,33131,34146
62,33977,34964
63,34708,35648
64,36067,37007
65,37976,38914
66,39972,40912
67,41339,42279
68,42408,43347
69,42972,43955
70,43418,44044
71,43652,44266
72,43988,44628
73,43882,44584
74,43957,44715
75,43673,44393
76,43795,44471
77,43613,44259
78,43936,44561
79,44767,45396
80,46900,47533
81,49706,50343
82,51181,51797
83,51268,51876
84,50448,51081
85,49419,50056
86,48356,49107
87,46897,47675
88,45766,46470
89,44489,45208
90,43103,43898
91,41338,42147
92,40133,40943
93,38940,39713
94,37310,38817
95,36160,38267
96,36626,38278
97,36153,37804
98,35558,37437
99,34533,36414
100,34118,36027
101,34140,36113
102,33497,35617
103,32708,34947
104,32000,34399
105,31607,34137
106,31374,33850
107,31433,33868
108,32116,34083
109,32522,33843
110,32979,33594
111,33360,34065
112,34669,35439
113,36589,37358
114,38768,39537
115,40235,41002
116,41431,42198
117,42019,42787
118,42315,43083
119,42421,43189
120,42653,43421
121,42508,43276
122,42351,43119
123,41856,42620
124,41696,42454
125,41525,42202
126,41848,42448
127,42631,43236
128,45019,45627
129,48084,48659
130,49881,50418
131,49834,50422
132,49416,50066
133,48370,49017
134,47345,47948
135,46190,46798
136,45080,45688
137,43622,44257
138,42299,43037
139,40793,41557
140,39593,40341
141,38560,39238
142,37101,38800
143,36265,38336
144,36713,38749
145,36173,38318
146,35395,37621
147,34446,36664
148,33898,36079
149,33957,36047
150,33628,35783
151,32787,35010
152,32076,34264
153,31545,33775
154,31166,33518
155,30904,33123
156,31166,33197
157,31174,33043
158,31046,32072
159,31020,31643
160,31999,32618
161,33665,34285
162,35902,36520
163,37919,38536
164,40144,40764
165,41664,42285
166,43026,43628
167,43935,44513
168,44747,45383
169,44918,45583
170,45087,45771
171,44942,45566
172,45063,45686
173,45105,45726
174,45120,45742
175,46031,46655
176,47778,48404
177,50117,50735
178,50628,51236
179,50293,50918
180,49727,50352
181,48632,49258
182,47634,48259
183,46681,47310
184,46082,46746
185,44452,45178
186,43504,44322
187,41342,42105
188,39890,40598
189,38023,38814
190,35705,38217
191,34558,38051
192,35293,38323
193,35182,38372
194,34988,38185
195,34328,37637
196,34209,37596
197,34513,37849
198,34075,37398
199,33280,36715
200,32684,36121
201,32632,36048
202,32822,36232
203,33748,37100
204,36507,39330
205,39690,41932
206,43268,45016
207,45523,47270
208,46998,48745
209,47948,49691
210,49557,51135
211,50218,51513
212,50624,51837
213,50760,51947
214,51057,52229
215,51100,52272
216,51356,52529
217,51128,52349
218,51105,52504
219,50904,52229
220,51117,52438
221,50906,52134
222,50706,51339
223,51577,52210
224,53469,54108
225,56299,56915
226,57511,58201
227,56906,57631
228,56381,57017
229,55441,56072
230,54385,55247
231,53080,54036
232,51434,52351
233,50135,50938
234,48545,49566
235,45920,47164
236,44086,45510
237,41578,43809
238,39029,42922
239,37644,41759
240,38051,42182
241,38013,42134
242,37904,42088
243,37351,41558
244,37138,41293
245,37475,41607
246,37167,41283
247,36525,40624
248,36035,40169
249,35908,40035
250,36212,40796
251,37276,41803
252,40062,44344
253,43224,46623
254,46930,49118
255,49031,51156
256,49844,51930
257,50139,51977
258,51470,53310
259,52011,53813
260,52128,53784
261,52148,53450
262,52020,53348
263,51988,53316
264,52074,53403
265,51836,53210
266,51657,53185
267,51318,52846
268,51470,52998
269,51270,52652
270,51171,51777
271,52309,52915
272,54404,55014
273,57571,58167
274,58594,59171
275,58045,58626
276,57401,57987
277,56559,57165
278,55559,56171
279,53965,54580
280,52967,53671
281,51282,52091
282,49370,50773
283,47010,48755
284,44653,46309
285,42281,43978
286,39576,42479
287,38394,42091
288,38746,42108
289,38615,42319
290,38580,42061
291,38090,41713
292,37939,41962
293,38233,42243
294,37785,41914
295,37245,41498
296,36671,40906
297,36598,40727
298,36797,40616
299,37483,41286
300,40212,43271
301,43441,45580
302,47218,48416
303,49686,50442
304,50800,51582
305,50594,51386
306,51792,52556
307,52420,53185
308,52631,53394
309,52853,53613
310,52910,53671
311,52847,53608
312,53010,53770
313,52821,53581
314,52632,53393
315,52500,53260
316,52581,53355
317,52392,53084
318,52247,52855
319,53325,53932
320,55383,55995
321,57494,58056
322,58295,58839
323,57507,58092
324,56830,57440
325,55737,56350
326,54490,55101
327,53306,53914
328,51900,52505
329,50014,50617
330,48340,49044
331,46236,46960
332,43706,44911
333,41520,42808
334,39085,41667
335,37606,41034
336,38055,41333
337,37957,41215
338,37821,41230
339,37165,40447
340,36872,40368
341,37124,40564
342,36508,39944
343,35998,39473
344,35455,39134
345,35165,38777
346,35354,38722
347,36119,39354
348,39045,41976
349,42301,44840
350,46321,47925
351,48733,50316
352,49637,51300
353,49421,50724
354,50194,51375
355,50579,51758
356,50507,51683
357,50527,51702
358,50566,51741
359,50602,51778
360,50610,51785
361,50338,51512
362,50296,51468
363,49983,51154
364,50084,51353
365,49882,51119
366,49960,50564
367,50952,51560
368,53229,53843
369,56289,56898
370,57175,57800
371,56862,57500
372,56161,56773
373,55275,55887
374,53878,54504
375,52495,53312
376,51438,52220
377,49648,50432
378,47828,49274
379,45407,46983
380,43232,45072
381,41084,43259
382,38639,42186
383,37305,41301
384,37773,41418
385,37718,41371
386,37692,41414
387,37130,41061
388,36816,40848
389,37061,41067
390,36587,40854
391,35878,40220
392,35275,39578
393,35119,39347
394,35343,39447
395,36115,40138
396,38758,42113
397,42004,44549
398,46039,48061
399,48731,50711
400,49722,51720
401,49695,51758
402,50762,52814
403,51083,53176
404,51323,53395
405,51361,53446
406,51470,53463
407,51359,53283
408,51304,53269
409,50901,52905
410,50555,52595
411,50160,52075
412,49990,51856
413,49725,51630
414,49505,50121
415,50211,50814
416,52022,52636
417,55397,56022
418,56662,57312
419,56125,56764
420,55376,55987
421,54286,54949
422,52900,53903
423,51345,52746
424,49533,51246
425,47869,49582
426,46390,48717
427,44255,46608
428,42506,44998
429,41184,43688
430,39127,41796
431,38144,41395
432,38618,41719
433,38189,41117
434,37596,40767
435,36584,39898
436,36292,39664
437,36354,39628
438,35985,39474
439,35238,38849
440,34558,38117
441,34091,37583
442,33777,36933
443,33674,36785
444,34482,37572
445,35082,37583
446,35794,36915
447,36585,37699
448,38088,39201
449,40554,41665
450,43028,44138
451,44570,45587
452,45756,46664
453,46185,46947
454,46372,47147
455,46466,47312
456,46624,47531
457,46351,47306
458,46070,46970
459,45934,46728
460,45871,46627
461,45564,46320
462,45651,46251
463,46192,46800
464,47583,48200
465,50435,51051
466,51930,52574
467,51947,52718
468,50831,51589
469,49828,50524
470,48781,49590
471,47263,48112
472,45950,46887
473,44330,45506
474,42901,44324
475,41411,42832
476,39825,41251
477,38769,40197
478,37144,38733
479,36253,37840
480,36968,38557
481,36466,38047
482,35834,37529
483,34905,36942
484,34327,36307
485,34358,36347
486,33756,36620
487,32947,36026
488,32103,35283
489,31594,34680
490,31305,34300
491,31156,34135
492,31455,34417
493,31481,34435
494,31428,33998
495,31307,33779
496,32441,34463
497,34181,35777
498,36320,37217
499,38247,39142
500,40138,41057
501,41430,42468
502,42428,43503
503,43104,44189
504,43791,44877
505,44012,45115
506,43636,44781
507,43468,44570
508,43291,44372
509,43167,44197
510,43204,43828
511,44169,44792
512,46413,47035
513,48446,49075
514,49437,50127
515,48949,49708
516,48511,49300
517,47430,48144
518,46551,47627
519,45309,46607
520,44097,45444
521,43026,44418
522,41572,42969
523,39733,41129
524,38046,39442
525,36289,37839
526,34204,37083
527,33036,36395
528,33741,37042
529,33730,37028
530,33438,36729
531,32867,36158
532,32655,35934
533,32783,36055
534,32310,35811
535,31592,35119
536,31041,34558
537,30801,34294
538,31129,34424
539,32196,35444
540,35498,38525
541,38920,41623
542,43220,45046
543,45959,47780
544,47167,48619
545,47026,48411
546,47928,49180
547,48516,49768
548,48675,49927
549,48948,50200
550,49243,50497
551,49445,50721
552,49789,51094
553,49682,50999
554,49615,50938
555,49553,50804
556,49636,50887
557,49404,50586
558,49271,49901
559,50425,51058
560,52383,53016
561,54476,55112
562,55489,56123
563,54537,55168
564,53503,54136
565,52561,53196
566,51292,52527
567,50000,51764
568,48167,49976
569,46551,48361
570,44910,46739
571,42592,44374
572,40660,42433
573,38640,40469
574,36365,39493
575,35029,38985
576,35658,39274
577,35508,39312
578,35324,39427
579,34705,38915
580,34451,38262
581,34480,38285
582,33778,37668
583,33037,36935
584,32425,36720
585,32236,36464
586,32530,36040
587,33509,37028
588,36600,39908
589,39927,42479
590,44015,45726
591,46440,48284
592,47021,48978
593,46698,48540
594,47468,49193
595,47790,49548
596,47888,49650
597,48046,49808
598,48014,49747
599,48169,49928
600,48324,50085
601,47992,49736
602,47991,49840
603,47752,49629
604,47860,49706
605,47518,49248
606,47463,48564
607,48398,49546
608,50155,50903
609,53508,54176
610,55036,55696
611,54617,55289
612,53791,54459
613,53051,53769
614,51867,53152
615,50344,52022
616,49368,51258
617,47565,49546
618,45747,47791
619,43430,45576
620,41365,43535
621,39400,41829
622,37128,40379
623,35834,39292
624,36373,39647
625,36260,39691
626,35962,40055
627,35432,39407
628,35293,39079
629,35394,39157
630,35127,39010
631,34427,38464
632,33808,37939
633,33584,37616
634,33901,37648
635,34784,38598
636,37950,41487
637,41347,43981
638,45573,47380
639,48049,49943
640,48762,50663
641,48305,50207
642,49076,50930
643,49385,51290
644,49537,51323
645,49512,51106
646,49558,51150
647,49783,51533
648,49730,51635
649,49426,51373
650,49180,51060
651,49146,50916
652,49135,50896
653,48808,50563
654,48599,49971
655,49858,51252
656,51731,52579
657,54676,55519
658,56062,56632
659,55341,55966
660,54582,55191
661,53562,54175
662,52211,53509
663,51025,52389
664,49823,51191
665,47460,49157
666,46250,48611
667,43714,46173
668,41571,43978
669,39507,42322
670,36993,40581
671,35467,39388
672,35936,39404
673,35718,39414
674,35509,39568
675,34964,39158
676,34577,38737
677,34728,38775
678,34176,38329
679,33298,37461
680,32564,36771
681,32321,36479
682,32689,36452
683,33586,37357
684,36530,40280
685,40118,42983
686,44141,46151
687,46611,48709
688,47631,49835
689,47325,49224
690,48053,49711
691,48447,50078
692,48507,50187
693,48494,50256
694,48685,50831
695,48797,51055
696,49071,51323
697,48848,51050
698,48522,50641
699,48438,50469
700,48545,50562
701,48298,50258
702,48113,49627
703,48996,50507
704,50552,51532
705,53028,54061
706,54139,54908
707,53643,54347
708,53044,53748
709,52302,53187
710,51073,53095
711,49635,51846
712,48615,50652
713,46874,48864
714,45044,47185
715,42861,45128
716,41104,43402
717,39065,41915
718,36488,38842
719,35078,37389
720,35634,37955
721,35432,37747
722,35303,37610
723,34529,36839
724,34245,36421
725,34243,36420
726,33606,35882
727,32689,34953
728,32075,34414
729,31878,34394
730,32181,35251
731,33265,36230
732,36017,38779
733,39478,41638
734,43619,45124
735,46084,47823
736,46982,48748
737,46661,48438
738,47167,48703
739,47458,48991
740,47523,49116
741,47457,49241
742,47348,48818
743,47323,48820
744,47309,48804
745,47013,48511
746,46885,48756
747,46692,48490
748,46724,48533
749,46408,48247
750,45974,46579
751,46751,47362
752,48098,48711
753,50673,51288
754,52165,52773
755,51514,52180
756,50863,51534
757,49837,50449
758,48576,49187
759,47104,47713
760,45494,46149
761,43696,44389
762,42224,43341
763,40362,41554
764,38792,40020
765,37418,38611
766,35635,37181
767,34669,36506
768,35083,36968
769,34914,36669
770,34357,36209
771,33421,35398
772,32714,34725
773,32666,34670
774,31867,33861
775,30814,32810
776,30027,32058
777,29537,31471
778,29282,31027
779,29261,31005
780,30125,31859
781,30985,32283
782,32201,32961
783,33244,34011
784,34984,35750
785,36977,37710
786,38804,39427
787,39502,40150
788,40050,40707
789,40386,41037
790,40373,40995
791,40191,40813
792,40197,40844
793,39912,40620
794,39683,40412
795,39479,40181
796,39419,40108
797,39248,39958
798,39528,40285
799,40252,40963
800,42155,42764
801,45452,46067
802,47543,48317
803,47700,48590
804,47047,47927
805,46214,46982
806,44802,45680
807,43230,44079
808,41927,42783
809,40643,41534
810,39298,40174
811,37996,38879
812,36750,37531
813,35697,36404
814,34330,35396
815,33707,34914
816,34369,35482
817,34045,35320
818,33757,35548
819,32889,34622
820,32204,34053
821,32051,33792
822,31160,33047
823,30223,32183
824,29637,31549
825,29207,31162
826,28847,30760
827,28708,30546
828,29110,30866
829,29378,31097
830,29670,30676
831,29964,30920
832,31089,32047
833,32927,33798
834,34976,35595
835,36793,37412
836,38300,38962
837,39139,39761
838,40013,40635
839,40426,41047
840,40857,41545
841,40860,41647
842,40669,41481
843,40290,41002
844,40024,40643
845,39748,40367
846,39848,40467
847,40698,41317
848,42092,42718
849,45679,46299
850,47801,48413
851,47959,48575
852,47299,47994
853,46361,47069
854,45760,46602
855,44621,45507
856,43844,44713
857,42425,43294
858,41100,41937
859,39184,40029
860,37707,38540
861,35980,36864
862,34021,35466
863,32924,34902
864,33670,35173
865,33364,34934
866,33281,35067
867,32604,34507
868,32263,34174
869,32334,34233
870,31843,33956
871,31126,33156
872,30778,32864
873,30745,32677
874,31165,32939
875,32382,34043
876,35687,37043
877,39097,40101
878,43631,44688
879,46174,47197
880,47302,48209
881,47139,48037
882,48122,48898
883,48724,49581
884,48950,49863
885,49115,50030
886,49483,50398
887,49526,50418
888,49630,50426
889,49404,50230
890,49369,50185
891,49138,49853
892,49236,49950
893,48880,49585
894,48541,49177
895,49549,50184
896,51247,51882
897,53741,54373
898,55355,55986
899,55057,55687
900,54301,54933
901,53445,54146
902,52343,53029
903,51008,51695
904,49040,49840
905,47511,48321
906,45919,46802
907,43335,44230
908,41378,42680
909,39237,41250
910,36686,38633
911,35185,37135
912,35689,37574
913,35555,37478
914,35423,37335
915,34814,36727
916,34590,36634
917,34837,36884
918,34229,36273
919,33340,35373
920,32730,34758
921,32522,34445
922,32879,35631
923,33864,36563
924,36833,39602
925,40361,42551
926,44665,46362
927,47190,48906
928,47803,49388
929,47541,49245
930,48388,50102
931,48627,50395
932,48599,50406
933,48628,50452
934,48740,50606
935,48747,50594
936,48901,50775
937,48647,50564
938,48523,50465
939,48363,50280
940,48192,50103
941,48120,50052
942,48019,48895
943,48965,49837
944,50521,51271
945,53159,53764
946,54838,55443
947,54920,55568
948,54484,55105
949,53828,54500
950,52538,53248
951,51188,51939
952,50214,51065
953,48264,49150
954,46574,47522
955,44200,45164
956,41902,43649
957,39799,41894
958,37435,39794
959,36226,38577
960,36710,38825
961,36572,39002
962,36484,38712
963,35936,38156
964,35628,37827
965,35828,38029
966,35184,37499
967,34480,36938
968,33785,36229
969,33643,36076
970,33968,37412
971,35010,38650
972,37932,41272
973,41493,43714
974,45606,47398
975,48111,50049
976,48637,50697
977,48588,51079
978,49288,51426
979,49417,51502
980,49284,51370
981,49210,51299
982,49292,51649
983,49238,51626
984,49223,51695
985,48811,51246
986,48572,51039
987,48381,50722
988,48369,50623
989,48185,50494
990,47932,48853
991,48780,49515
992,50473,51195
993,53634,54304
994,55492,56098
995,54720,55389
996,53976,54623
997,53216,53888
998,51965,52675
999,50776,51529
1000,49363,50242
1001,47337,48276
1002,45510,46693
1003,43396,44544
1004,41257,42540
1005,39354,40983
1006,36787,38849
1007,35300,37316
1008,35730,37682
1009,35559,37492
1010,35533,37454
1011,34925,36830
1012,34499,36446
1013,34689,36561
1014,33980,35780
1015,33169,34955
1016,32487,34263
1017,32239,34009
1018,32434,35157
1019,33416,36153
1020,36485,39149
1021,39829,41972
1022,44022,45823
1023,46532,48521
1024,47475,49410
1025,47058,48943
1026,47740,49417
1027,47949,49731
1028,48195,50023
1029,48243,50067
1030,48391,50161
1031,48337,50128
1032,48418,50229
1033,47900,49711
1034,47715,49519
1035,47300,49102
1036,47073,48852
1037,46917,48594
1038,46569,47445
1039,47489,48361
1040,48774,49529
1041,51826,52440
1042,54454,55067
1043,54285,54938
1044,53546,54196
1045,52821,53456
1046,51929,52625
1047,50383,51228
1048,49073,49957
1049,47063,48016
1050,45296,46245
1051,43026,43984
1052,41135,42194
1053,39317,40855
1054,37020,39144
1055,35804,37841
1056,36248,38346
1057,36195,38148
1058,36179,38261
1059,35561,37596
1060,35224,37200
1061,35326,37230
1062,34600,36548
1063,33515,35418
1064,32774,34635
1065,32587,34437
1066,32941,35390
1067,33849,36493
1068,36737,39602
1069,40120,42612
1070,44127,45587
1071,46543,47768
1072,47419,48588
1073,47389,48775
1074,48432,49630
1075,48438,49396
1076,48449,49376
1077,48417,49269
1078,48317,49364
1079,48296,49446
1080,48134,49296
1081,47492,48657
1082,47283,48440
1083,46693,47982
1084,46548,47964
1085,45934,47392
1086,45663,46615
1087,45972,46899
1088,47101,47897
1089,49738,50402
1090,52545,53149
1091,52407,53058
1092,51669,52331
1093,50917,51673
1094,49500,50405
1095,47966,48921
1096,46287,47244
1097,45063,46019
1098,43516,44472
1099,41433,42392
1100,40179,41275
1101,38945,40214
1102,37082,39139
1103,36400,38335
1104,36835,38818
1105,36611,38613
1106,36068,38177
1107,35289,37328
1108,34793,36827
1109,34711,36738
1110,34201,36222
1111,33061,35033
1112,32358,34309
1113,32032,34103
1114,31661,33589
1115,31607,33527
1116,32457,34365
1117,33210,34580
1118,34502,35111
1119,35470,36164
1120,37149,37913
1121,39364,40083
1122,41451,42060
1123,42457,43066
1124,43063,43688
1125,43448,44130
1126,43596,44363
1127,43534,44393
1128,43499,44421
1129,43065,43996
1130,42219,43149
1131,41924,42849
1132,41645,42566
1133,41042,41904
1134,40760,41603
1135,40781,41600
1136,41710,42494
1137,44913,45568
1138,48360,49032
1139,49197,49870
1140,48727,49407
1141,47568,48397
1142,46361,47306
1143,44902,45867
1144,43561,44524
1145,42065,43020
1146,40463,41396
1147,38860,39796
1148,37426,38295
1149,36309,37137
1150,34967,36294
1151,34220,36060
1152,35028,36729
1153,34507,36538
1154,33942,36000
1155,32873,34927
1156,32251,34233
1157,32285,34275
1158,31519,33426
1159,30741,32702
1160,29931,31900
1161,29492,31467
1162,29061,31023
1163,28768,30691
1164,29219,30981
1165,29462,31234
1166,29879,31704
1167,30018,31828
1168,31364,32593
1169,33219,34140
1170,35620,36271
1171,37646,38415
1172,39449,40204
1173,40635,41438
1174,41326,42169
1175,42043,42884
1176,42891,43773
1177,42938,43830
1178,42591,43484
1179,42253,43141
1180,41811,42696
1181,41598,42481
1182,41417,42300
1183,41848,42723
1184,42687,43483
1185,45172,45855
1186,47871,48495
1187,48177,48924
1188,47618,48479
1189,46612,47467
1190,45579,46488
1191,44577,45495
1192,43922,44837
1193,42667,43580
1194,41315,42234
1195,39639,40562
1196,38059,38981
1197,36614,37538
1198,34497,35966
1199,33281,35282
1200,33893,35693
1201,33886,35747
1202,33738,35505
1203,33324,35296
1204,33197,35254
1205,33369,35490
1206,32695,34805
1207,32039,34147
1208,31385,33465
1209,31197,33197
1210,31660,33328
1211,32904,34651
1212,36309,38016
1213,39798,41142
1214,44159,45566
1215,46521,48045
1216,47220,48807
1217,47282,48916
1218,48017,49651
1219,48366,50168
1220,48518,50422
1221,48590,50495
1222,48591,50594
1223,48671,50672
1224,48816,50814
1225,48285,50284
1226,47829,50068
1227,48060,50300
1228,48075,50313
1229,47813,50023
1230,47622,48791
1231,48320,49233
1232,49363,50214
1233,51855,52557
1234,54578,55210
1235,54512,55143
1236,53725,54353
1237,52879,53577
1238,51671,52507
1239,50406,51296
1240,48930,49818
1241,47177,48067
1242,45329,46208
1243,42907,43724
1244,40969,42054
1245,38742,40398
1246,36621,38852
1247,35290,37997
1248,35793,38527
1249,35729,38520
1250,35733,38412
1251,35148,37820
1252,34822,37423
1253,34912,37439
1254,34249,36975
1255,33406,36153
1256,32907,35651
1257,32645,35366
1258,32968,36595
1259,33936,37633
1260,37072,40770
1261,40598,43292
1262,45035,47132
1263,46834,49113
1264,47607,49970
1265,47555,49857
1266,48301,50463
1267,48451,50632
1268,48368,50640
1269,48313,50687
1270,48583,51085
1271,48711,51197
1272,48752,51198
1273,48405,50849
1274,48432,50892
1275,48302,50733
1276,48337,50764
1277,48046,50431
1278,47863,49095
1279,48786,49839
1280,50149,50786
1281,52698,53362
1282,55008,55632
1283,55032,55689
1284,54116,54761
1285,53228,53997
1286,51894,52831
1287,50603,52080
1288,49556,51095
1289,47597,49135
1290,45983,47526
1291,43504,45053
1292,41485,43379
1293,39342,41698
1294,36992,39443
1295,35563,38015
1296,36005,38382
1297,36001,38368
1298,35943,38305
1299,35258,37621
1300,34972,37393
1301,35095,37510
1302,34470,36957
1303,33552,36034
1304,32894,35367
1305,32787,35234
1306,33054,36330
1307,34051,37220
1308,37051,40441
1309,40541,43235
1310,44889,46855
1311,47428,49448
1312,47967,49933
1313,47718,49566
1314,48478,50352
1315,48642,50399
1316,48491,50077
1317,48513,50167
1318,48706,50277
1319,48750,50321
1320,48844,50414
1321,48581,50167
1322,48469,50455
1323,48542,50526
1324,48603,50502
1325,48273,49916
1326,48025,48895
1327,48869,49739
1328,50141,50948
1329,52236,52893
1330,54637,55216
1331,54529,55125
1332,53819,54441
1333,52761,53437
1334,51588,52451
1335,50506,51461
1336,49281,50264
1337,47115,48343
1338,45649,47181
1339,43368,44908
1340,41232,42958
1341,39372,41550
1342,36885,40301
1343,35685,39140
1344,36006,39473
1345,35937,39370
1346,35670,39093
1347,34940,38298
1348,34524,37866
1349,34582,37984
1350,33943,37337
1351,32917,36286
1352,32282,35667
1353,32073,35417
1354,32344,36023
1355,33371,37052
1356,36429,40102
1357,39857,43063
1358,44059,46346
1359,46276,48573
1360,47099,49381
1361,47046,49330
1362,47917,50195
1363,48154,50439
1364,48059,50346
1365,48183,50458
1366,48151,50724
1367,48150,50730
1368,48249,50830
1369,47989,50602
1370,48075,50729
1371,48033,50676
1372,47973,50552
1373,47581,50108
1374,47282,48582
1375,47995,49104
1376,49301,49957
1377,51339,51944
1378,54039,54644
1379,54180,54811
1380,53467,54100
1381,52664,53398
1382,51611,53079
1383,50508,52006
1384,49226,50685
1385,47318,48740
1386,45744,47456
1387,43397,45157
1388,41445,43465
1389,39316,41663
1390,37039,39040
1391,35670,37710
1392,36090,38080
1393,35955,37831
1394,35844,37877
1395,35205,37277
1396,34916,36897
1397,35187,37135
1398,34590,36518
1399,33671,35588
1400,32934,34845
1401,32815,34730
1402,33119,36217
1403,33973,36982
1404,36787,39932
1405,40145,42944
1406,44260,46283
1407,46064,47994
1408,46894,48927
1409,47196,48961
1410,48012,49522
1411,48244,49795
1412,48376,49965
1413,48428,50045
1414,48554,50178
1415,48582,50202
1416,48540,50202
1417,47956,49817
1418,47733,49575
1419,47362,49080
1420,47275,48968
1421,46832,48653
1422,46514,47387
1423,46954,47815
1424,47779,48522
1425,50095,50707
1426,52742,53352
1427,52723,53354
1428,52001,52708
1429,51181,51880
1430,49857,50709
1431,48277,49230
1432,46700,47650
1433,44790,45709
1434,43303,44254
1435,41350,42306
1436,39802,40759
1437,38456,39464
1438,36631,38446
1439,35536,37589
1440,35912,37932
1441,35606,37588
1442,35119,37104
1443,34203,36185
1444,33623,35597
1445,33597,35572
1446,33182,35166
1447,32314,34347
1448,31547,33605
1449,31077,33092
1450,30830,32777
1451,30817,33142
1452,31675,33865
1453,32486,33869
1454,33674,34285
1455,34379,35100
1456,36352,37118
1457,38393,39115
1458,40289,40894
1459,41198,41803
1460,41708,42312
1461,42108,42716
1462,42134,42742
1463,42090,42749
1464,42028,42699
1465,41449,42170
1466,40882,41641
1467,40469,41201
1468,40709,41391
1469,40234,40868
1470,40451,41189
1471,40856,41624
1472,41643,42368
1473,43969,44588
1474,47612,48186
1475,48793,49496
1476,48300,49093
1477,47556,48291
1478,46363,47215
1479,44954,45804
1480,43641,44560
1481,41960,42887
1482,40570,41421
1483,39228,40105
1484,37901,38826
1485,37090,37949
1486,35613,36635
1487,34849,36053
1488,35542,36496
1489,35304,36437
1490,34804,36147
1491,33815,35235
1492,33301,34682
1493,33402,34845
1494,32950,35156
1495,32205,34691
1496,31442,33833
1497,30994,33402
1498,30440,32941
1499,30263,32742
1500,30677,33059
1501,30847,33205
1502,31204,33089
1503,31116,33005
1504,32488,34429
1505,34629,36278
1506,37233,37907
1507,39374,39993
1508,40972,41652
1509,41924,42667
1510,42878,43676
1511,43501,44357
1512,44363,45228
1513,44473,45414
1514,44025,44901
1515,43783,44570
1516,43875,44554
1517,43494,44128
1518,43470,44245
1519,43886,44743
1520,44466,45242
1521,45919,46558
1522,48592,49224
1523,49488,50122
1524,49708,50418
1525,48903,49596
1526,47973,48801
1527,46928,47789
1528,46207,47139
1529,45043,45987
1530,43738,44681
1531,41795,42739
1532,40205,41146
1533,38233,39178
1534,36024,37757
1535,34785,37459
1536,35577,38057
1537,35581,38002
1538,35472,38088
1539,34989,37692
1540,34771,37517
1541,35087,37818
1542,34827,37555
1543,34049,36761
1544,33537,36243
1545,33443,36135
1546,33783,36341
1547,34577,36953
1548,37580,39786
1549,41099,42652
1550,44794,45516
1551,46509,47277
1552,47556,48448
1553,48532,49481
1554,49632,50512
1555,50415,51356
1556,50758,51722
1557,51084,52046
1558,51397,52360
1559,51769,52729
1560,52224,53184
1561,51981,52941
1562,51850,52798
1563,51651,52532
1564,51866,52744
1565,51624,52502
1566,51029,51907
1567,51310,52204
1568,51600,52378
1569,52970,53607
1570,55526,56150
1571,55645,56272
1572,54857,55492
1573,54171,54807
1574,52973,53764
1575,51210,52180
1576,49622,50595
1577,48118,49087
1578,46431,47399
1579,44039,45007
1580,41878,42849
1581,40034,41346
1582,37468,39856
1583,36332,38747
1584,36951,39440
1585,37177,39549
1586,37142,39674
1587,36643,39206
1588,36445,39089
1589,36768,39414
1590,36557,39137
1591,35856,38496
1592,35230,37849
1593,34977,37572
1594,35193,38890
1595,36065,39597
1596,38742,41671
1597,41536,43660
1598,44984,46592
1599,46375,48102
1600,47446,49273
1601,48585,50481
1602,50052,51793
1603,50702,52329
1604,50918,52411
1605,51238,52480
1606,51364,52580
1607,51381,52599
1608,51550,52778
1609,51247,52550
1610,50932,52463
1611,50552,51984
1612,50622,52057
1613,50433,52006
1614,50256,51187
1615,50535,51496
1616,50931,51693
1617,52083,52692
1618,55007,55610
1619,55793,56426
1620,55212,55883
1621,54700,55358
1622,53458,54265
1623,51929,52911
1624,50820,51800
1625,49102,50084
1626,47376,48357
1627,44882,45863
1628,42599,43585
1629,40433,41527
1630,37948,40048
1631,36923,39588
1632,37481,40184
1633,37641,40333
1634,37653,40355
1635,37205,39876
1636,36936,39541
1637,37392,40098
1638,36891,39724
1639,36139,38912
1640,35550,38382
1641,35378,38445
1642,35569,39420
1643,36559,40182
1644,39553,42880
1645,42790,44924
1646,46799,48459
1647,48287,50084
1648,48944,50792
1649,49171,51369
1650,50353,52526
1651,50789,52821
1652,50748,52458
1653,50561,52247
1654,50624,52312
1655,50539,52211
1656,50499,52168
1657,49961,51980
1658,49896,52044
1659,49756,51891
1660,49894,52029
1661,49506,51716
1662,49370,50641
1663,49859,50944
1664,50692,51474
1665,52434,53045
1666,55320,55915
1667,56050,56691
1668,55474,56120
1669,54660,55311
1670,53796,54534
1671,52839,53606
1672,51560,52439
1673,49404,50260
1674,48010,48762
1675,45332,46119
1676,43532,44467
1677,41212,42617
1678,38651,40821
1679,37315,40085
1680,37923,40697
1681,37860,40619
1682,37898,40585
1683,37352,40018
1684,36974,39632
1685,37267,39903
1686,36668,39422
1687,35841,38597
1688,35167,37902
1689,35009,37724
1690,35199,38905
1691,36150,39681
1692,38818,41764
1693,42046,43568
1694,46004,46645
1695,47543,48458
1696,48471,49475
1697,49084,50010
1698,50316,51166
1699,50817,51452
1700,50959,51594
1701,51264,51896
1702,51489,52224
1703,51678,52467
1704,52017,52811
1705,51781,52601
1706,51761,52604
1707,51397,52222
1708,51356,52142
1709,50857,51498
1710,50450,51222
1711,50878,51686
1712,51416,52104
1713,52738,53376
1714,55087,55715
1715,55418,56089
1716,54970,55636
1717,54224,54854
1718,53280,53933
1719,52036,52709
1720,51053,51815
1721,49138,49957
1722,47393,48342
1723,44940,45917
1724,42963,43941
1725,40797,41875
1726,38419,40587
1727,37168,39806
1728,37741,40349
1729,37568,40167
1730,37575,40187
1731,37059,39693
1732,36797,39391
1733,37113,39690
1734,36577,39194
1735,35800,38410
1736,35155,37750
1737,34969,37824
1738,35067,38092
1739,35953,38444
1740,38784,40667
1741,41855,43196
1742,45952,46562
1743,47607,48333
1744,48602,49467
1745,49142,49966
1746,50340,51188
1747,50696,51584
1748,51000,51895
1749,51105,51994
1750,51332,52244
1751,51217,52112
1752,51295,52162
1753,50617,51504
1754,50600,51408
1755,50253,51048
1756,50150,50923
1757,49573,50367
1758,48970,49772
1759,49120,49948
1760,49601,50370
1761,50952,51610
1762,53290,53830
1763,54342,54965
1764,53892,54492
1765,52865,53480
1766,51804,52554
1767,50377,51305
1768,48730,49550
1769,47010,47888
1770,45541,46541
1771,43465,44436
1772,41730,42740
1773,40231,41298
1774,38292,40259
1775,37467,39807
1776,38021,40261
1777,37972,40140
1778,37625,40028
1779,36762,39258
1780,36246,38949
1781,36362,38986
1782,35692,38337
1783,34885,37553
1784,34132,36806
1785,33707,36365
1786,33352,36002
1787,33338,35861
1788,34043,36387
1789,34910,36338
1790,35753,36366
1791,36107,36718
1792,38277,38887
1793,40480,41093
1794,42476,43088
1795,43388,44003
1796,44136,44750
1797,44369,44987
1798,44429,45045
1799,44299,44911
1800,44241,44855
1801,43845,44496
1802,43310,43920
1803,42805,43411
1804,42687,43292
1805,42206,42811
1806,42131,42735
1807,42275,42881
1808,42602,43209
1809,44251,44843
1810,47475,47996
1811,49820,50509
1812,49660,50372
1813,48987,49703
1814,48230,48964
1815,46582,47232
1816,45287,46024
1817,43713,44391
1818,42339,43129
1819,40866,41748
1820,39596,40506
1821,38734,39540
1822,37320,38970
1823,36607,38450
1824,37399,39239
1825,37246,39090
1826,36927,38560
1827,35991,37838
1828,35606,37392
1829,35745,37587
1830,35277,37761
1831,34338,36828
1832,33590,36073
1833,33229,35704
1834,32748,35220
1835,32565,34906
1836,32836,35016
1837,33081,35180
1838,33119,34445
1839,32731,33928
1840,34323,35026
1841,36303,36992
1842,38620,39242
1843,40377,41000
1844,42050,42675
1845,42972,43653
1846,43829,44502
1847,44355,44981
1848,44721,45346
1849,44454,45184
1850,44136,44882
1851,43491,44144
1852,43548,44167
1853,43538,44157
1854,43551,44169
1855,43968,44587
1856,44564,45189
1857,46097,46729
1858,48273,48839
1859,49657,50185
1860,49663,50283
1861,49051,49756
1862,48304,49009
1863,46858,47535
1864,46084,46887
1865,44886,45738
1866,43390,44316
1867,41572,42507
1868,40056,40950
1869,38090,39023
1870,35935,37571
1871,34908,36933
1872,35613,37633
1873,35730,37859
1874,35778,38302
1875,35402,37953
1876,35251,37857
1877,35560,38150
1878,35142,37708
1879,34426,36981
1880,33877,36432
1881,33665,36204
1882,33996,37163
1883,34971,37802
1884,38136,40681
1885,41707,43466
1886,45592,46429
1887,47216,48104
1888,48260,49126
1889,48893,50031
1890,50133,51198
1891,50799,51939
1892,51032,52162
1893,51242,52148
1894,51417,52298
1895,51569,52420
1896,51737,52595
1897,51380,52294
1898,51414,52370
1899,51195,52085
1900,51306,52202
1901,50967,51866
1902,50786,51741
1903,51494,52445
1904,52554,53340
1905,53750,54383
1906,55406,56011
1907,55663,56269
1908,54927,55554
1909,54503,55138
1910,53420,54206
1911,52133,53085
1912,50651,51521
1913,49006,49887
1914,47015,47967
1915,44461,45424
1916,42515,43488
1917,40148,41448
1918,37616,40024
1919,36338,38966
1920,37013,39615
1921,37072,39668
1922,37107,39801
1923,36644,39359
1924,36469,39172
1925,36643,39332
1926,36180,38929
1927,35260,37992
1928,34706,37373
1929,34584,37170
1930,34770,37167
1931,35909,38114
1932,38691,40441
1933,42220,43352
1934,46103,46739
1935,47428,48218
1936,48308,49189
1937,48556,49426
1938,49791,50586
1939,50119,50963
1940,50153,51030
1941,50193,51076
1942,50195,51108
1943,50152,51064
1944,50210,51128
1945,49875,50823
1946,49895,50825
1947,49590,50473
1948,49594,50472
1949,49094,49975
1950,48670,49604
1951,49204,50153
1952,49817,50661
1953,50962,51700
1954,53166,53763
1955,55037,55617
1956,54934,55530
1957,54445,55114
1958,53564,54428
1959,52016,52987
1960,51183,52151
1961,49356,50352
1962,47559,48567
1963,45198,46205
1964,43069,44074
1965,40777,41798
1966,38284,40323
1967,36921,39570
1968,37518,40165
1969,37468,40093
1970,37496,40108
1971,37025,39632
1972,36788,39405
1973,37093,39732
1974,36525,39214
1975,35775,38445
1976,35189,37849
1977,35075,37739
1978,35368,37825
1979,36271,38646
1980,39251,40915
1981,42893,44183
1982,46555,47951
1983,47802,49133
1984,48472,49775
1985,48646,49965
1986,49671,51056
1987,49949,51336
1988,49935,51319
1989,49897,51278
1990,49917,51300
1991,49807,51189
1992,49883,51233
1993,49629,50993
1994,49550,50910
1995,49368,50687
1996,49414,50745
1997,49102,50332
1998,48784,49783
1999,49282,50278
2000,50030,50921
2001,51411,52140
2002,53436,54050
2003,54990,55600
2004,54966,55624
2005,54370,55077
2006,53151,54010
2007,52016,52982
2008,51073,52039
2009,49140,50143
2010,47471,48478
2011,45144,46151
2012,43253,44267
2013,41300,42621
2014,39061,41333
2015,37407,39906
2016,37934,40431
2017,37803,40286
2018,37734,40051
2019,37220,39497
2020,37124,39542
2021,37421,39723
2022,36980,39542
2023,36138,38785
2024,35517,38188
2025,35404,38231
2026,35585,38966
2027,36559,39336
2028,39584,41808
2029,42926,44871
2030,46622,48417
2031,47841,49715
2032,48653,50557
2033,49010,51159
2034,50129,52252
2035,50507,52669
2036,50644,52837
2037,50721,52720
2038,50751,52657
2039,50788,52561
2040,50836,52626
2041,50511,52373
2042,50393,52647
2043,50300,52571
2044,50415,52639
2045,50236,52494
2046,50103,51209
2047,50527,51463
2048,51345,52165
2049,52765,53497
2050,54525,55121
2051,55134,55692
2052,54835,55504
2053,54263,55003
2054,53148,54041
2055,51633,52613
2056,50782,51749
2057,48999,49993
2058,47319,48540
2059,44984,46254
2060,42880,44160
2061,40916,42635
2062,38548,41210
2063,37345,40242
2064,38013,40694
2065,37821,40508
2066,37653,40415
2067,36976,39971
2068,36589,39512
2069,36839,39646
2070,36375,39243
2071,35486,38358
2072,34984,38085
2073,34785,38009
2074,35064,38836
2075,35807,39559
2076,38538,42004
2077,41669,44241
2078,45036,46742
2079,46352,48041
2080,47516,49152
2081,48003,49999
2082,48735,50780
2083,48715,50725
2084,48705,50694
2085,48727,50718
2086,48747,50739
2087,48759,50752
2088,48731,50705
2089,48065,50040
2090,47971,49976
2091,47561,49510
2092,47350,49269
2093,46863,48848
2094,46417,47405
2095,46389,47328
2096,46810,47619
2097,48053,48778
2098,50095,50702
2099,52021,52641
2100,52094,52963
2101,51467,52497
2102,50361,51326
2103,49091,50056
2104,47688,48600
2105,45959,46856
2106,44520,45519
2107,42536,43539
2108,40813,41813
2109,39333,40572
2110,37568,39753
2111,36827,39367
2112,37389,39599
2113,37233,39326
2114,36779,39081
2115,35977,38544
2116,35482,38028
2117,35582,38066
2118,34940,37421
2119,34102,36580
2120,33360,35799
2121,32872,35280
2122,32691,35038
2123,32687,34954
2124,33648,36000
2125,34379,35940
2126,35237,36019
2127,35813,36423
2128,37821,38426
2129,39808,40545
2130,41666,42730
2131,42553,43732
2132,43104,44396
2133,43285,44697
2134,43131,44569
2135,43083,44520
2136,42906,44078
2137,42446,43593
2138,42010,43154
2139,41768,42878
2140,41767,42849
2141,41327,42364
2142,41093,41921
2143,41322,42150
2144,41759,42573
2145,43198,43890
2146,45968,46581
2147,48096,48707
2148,48246,49005
2149,47299,48107
2150,46540,47346
2151,45510,46441
2152,43835,44779
2153,42138,43162
2154,40896,42262
2155,39502,40862
2156,38124,39428
2157,37144,38349
2158,35675,37296
2159,34975,37324
2160,35668,37718
2161,35424,37634
2162,34907,37015
2163,34012,36292
2164,33512,35816
2165,33563,35744
2166,32909,35343
2167,31959,34435
2168,31159,33600
2169,30693,33068
2170,30390,32750
2171,30225,32545
2172,30575,32944
2173,30814,33200
2174,30890,32770
2175,30623,32294
2176,32009,33871
2177,33822,35273
2178,35951,36955
2179,37331,38342
2180,38868,39922
2181,39699,40783
2182,40395,41507
2183,40930,42116
2184,41427,42722
2185,41181,42512
2186,40927,41950
2187,40473,41467
2188,40606,41490
2189,40228,41078
2190,40107,40834
2191,40377,41091
2192,40810,41569
2193,42039,42729
2194,43870,44500
2195,45994,46622
2196,46095,46863
2197,45587,46496
2198,44710,45884
2199,43479,44668
2200,42759,43746
2201,41663,42549
2202,40536,41718
2203,39165,40386
2204,37644,38803
2205,36132,37167
2206,34179,36129
2207,33271,35891
2208,34000,36485
2209,33989,36367
2210,33877,36189
2211,33289,35774
2212,32996,35453
2213,33166,35672
2214,32704,35412
2215,31834,34496
2216,31183,33801
2217,30936,33588
2218,31211,34783
2219,32325,35681
2220,35051,37539
2221,37641,39149
2222,40128,42083
2223,41335,43642
2224,43268,45697
2225,45005,47480
2226,46441,48882
2227,46972,49449
2228,46999,49479
2229,47064,49540
2230,47049,49520
2231,47091,49569
2232,46958,49435
2233,46406,48884
2234,45937,48385
2235,45581,47922
2236,45565,47831
2237,45333,47572
2238,45157,46781
2239,45185,46860
2240,45524,47103
2241,46693,48109
2242,48809,49463
2243,50986,51619
2244,51319,51956
2245,50556,51260
2246,49443,50849
2247,48266,49799
2248,46726,48076
2249,44956,46324
2250,43451,45399
2251,41138,43096
2252,39220,40841
2253,37325,39273
2254,35379,38370
2255,34173,37155
2256,34671,37637
2257,34709,37672
2258,34486,37647
2259,33821,37083
2260,33528,36790
2261,33522,36737
2262,32765,36407
2263,31822,35492
2264,31072,34762
2265,31023,34641
2266,31319,34814
2267,32372,35435
2268,35040,37223
2269,37659,39841
2270,40048,42197
2271,41474,43777
2272,43423,45870
2273,44887,47400
2274,46182,48622
2275,46478,48872
2276,46688,48931
2277,46723,48975
2278,46712,48970
2279,46860,49111
2280,46962,49215
2281,46655,48890
2282,46541,48968
2283,46230,48567
2284,46393,48704
2285,46134,48485
2286,46009,47738
2287,46129,47883
2288,46423,47921
2289,47889,49214
2290,49626,50278
2291,51056,51687
2292,51332,52004
2293,50681,51491
2294,49420,51295
2295,47858,49763
2296,46855,48612
2297,45255,46925
2298,43622,45783
2299,41409,43600
2300,39666,41798
2301,37890,40290
2302,35652,39018
2303,34349,37747
2304,34862,38208
2305,34722,38125
2306,34548,37869
2307,33845,37183
2308,33428,36731
2309,33306,36492
2310,32558,36136
2311,31769,35338
2312,31233,34781
2313,31156,34678
2314,31551,35065
2315,32383,35862
2316,35085,37878
2317,37777,40073
2318,40333,42544
2319,41521,43886
2320,43351,45856
2321,44807,47333
2322,45920,48467
2323,46121,48666
2324,46327,48868
2325,46483,49027
2326,46604,49147
2327,46867,49410
2328,46941,49485
2329,46728,49270
2330,46766,49309
2331,46445,48985
2332,46350,48890
2333,46106,48642
2334,46105,47976
2335,46366,48210
2336,46807,48355
2337,48080,49462
2338,49730,50562
2339,51200,51812
2340,51362,52072
2341,50663,51456
2342,49395,51206
2343,48184,50435
2344,46846,49261
2345,45187,47604
2346,43487,45975
2347,41551,44045
2348,39941,42440
2349,38046,40601
2350,35819,38698
2351,34595,37894
2352,34987,38002
2353,34920,38045
2354,34777,37832
2355,33861,36973
2356,33438,36648
2357,33359,36491
2358,32604,35848
2359,31733,35137
2360,31099,34557
2361,31023,34360
2362,31275,34486
2363,32324,35257
2364,34999,37733
2365,37862,39991
2366,40044,42190
2367,41358,43666
2368,43318,45828
2369,44543,47003
2370,45564,48063
2371,45896,48419
2372,45997,48526
2373,46045,48570
2374,46037,48453
2375,46030,48442
2376,46087,48096
2377,45731,47738
2378,45610,47617
2379,45354,47339
2380,45356,47358
2381,45101,47105
2382,45070,46298
2383,45318,46459
2384,45783,47060
2385,46843,47929
2386,48512,49124
2387,50221,50913
2388,50875,51533
2389,50245,51017
2390,48997,50654
2391,47631,49763
2392,46758,48636
2393,44962,46839
2394,43477,45766
2395,41467,43728
2396,39570,41826
2397,37933,40120
2398,35985,38067
2399,34720,37280
2400,35103,37560
2401,35059,37573
2402,34812,37682
2403,34036,37032
2404,33483,36466
2405,33558,36480
2406,32817,35875
2407,31983,35063
2408,31445,34517
2409,31240,34305
2410,31432,35278
2411,32456,36086
2412,35066,37829
2413,37555,39522
2414,39498,41046
2415,40892,42837
2416,42819,44850
2417,44321,46418
2418,45206,47190
2419,45554,47544
2420,45743,47733
2421,45782,47773
2422,45690,47461
2423,45555,47327
2424,45514,47141
2425,45017,46644
2426,44787,46426
2427,44447,46003
2428,44240,45652
2429,43750,45172
2430,43473,44401
2431,43373,44289
2432,43631,44493
2433,44749,45521
2434,46733,47341
2435,48746,49356
2436,49449,50164
2437,48791,49628
2438,47461,48377
2439,45949,46930
2440,44566,45546
2441,42863,43845
2442,41414,42898
2443,39634,41145
2444,38087,39616
2445,36729,38330
2446,35023,36794
2447,34046,36535
2448,34201,36437
2449,33918,36178
2450,33653,36068
2451,32720,35341
2452,32248,34760
2453,32145,34700
2454,31109,33760
2455,30130,32778
2456,29368,32048
2457,29003,31496
2458,28815,31169
2459,28936,31287
2460,30073,32324
2461,30990,32369
2462,31975,32584
2463,32598,33205
2464,34391,34997
2465,36214,36819
2466,37884,38534
2467,38654,39302
2468,39106,39788
2469,39062,39797
2470,39095,39862
2471,38894,39681
2472,38787,39595
2473,38306,39140
2474,37868,38673
2475,37211,37952
2476,36819,37510
2477,36325,36959
2478,36058,36677
2479,36053,36672
2480,36476,37102
2481,37768,38378
2482,39707,40316
2483,42769,43374
2484,44380,45049
2485,44162,44972
2486,42906,43766
2487,41569,42411
2488,40377,41242
2489,38900,39669
2490,37845,38677
2491,36467,37248
2492,35062,35786
2493,34148,34885
2494,32862,34153
2495,32080,33780
2496,32576,34034
2497,32477,34047
2498,32003,33893
2499,30996,32991
2500,30338,32334
2501,30122,32119
2502,29289,31528
2503,28305,30545
2504,27605,30081
2505,27323,29671
2506,27120,29338
2507,27155,29300
2508,27814,29816
2509,28134,30078
2510,27854,28681
2511,28067,28686
2512,29771,30391
2513,31642,32261
2514,33507,34126
2515,35018,35636
2516,36229,36869
2517,37167,37902
2518,37904,38610
2519,38387,39096
2520,38974,39699
2521,39016,39728
2522,38720,39423
2523,38290,38982
2524,38073,38703
2525,37661,38280
2526,37617,38235
2527,37942,38561
2528,38472,39097
2529,39642,40269
2530,41295,41923
2531,43672,44253
2532,44882,45506
2533,44460,45205
2534,43290,44150
2535,42187,42979
2536,41701,42552
2537,40275,41140
2538,39167,40050
2539,37296,38147
2540,35825,36614
2541,34188,34961
2542,32124,33652
2543,31064,33058
2544,31360,33356
2545,31521,33424
2546,31627,33444
2547,30723,32535
2548,30346,32158
2549,30315,32216
2550,29570,31704
2551,28804,30930
2552,28188,30321
2553,28183,30291
2554,28761,30783
2555,30191,32215
2556,33484,35431
2557,36866,38270
2558,40489,41867
2559,41984,43375
2560,43308,44649
2561,43825,45179
2562,44854,45906
2563,45290,46425
2564,45482,46626
2565,45638,46783
2566,45766,46812
2567,45852,46901
2568,45941,47012
2569,45622,46689
2570,45636,46646
2571,45337,46369
2572,45268,46227
2573,44947,45909
2574,44752,45713
2575,45227,46176
2576,45984,46824
2577,47362,48062
2578,48560,49182
2579,49822,50395
2580,50817,51457
2581,50225,50993
2582,49094,50009
2583,47736,48681
2584,46229,47173
2585,44750,45687
2586,43270,44209
2587,40830,41771
2588,38753,39693
2589,36486,37636
2590,34378,36750
2591,33121,35754
2592,33588,36270
2593,33524,36167
2594,33373,35937
2595,32670,35166
2596,32049,34434
2597,32020,34395
2598,31334,33747
2599,30432,32829
2600,29808,32199
2601,29783,32157
2602,30345,32923
2603,31606,34091
2604,34657,37094
2605,38099,39765
2606,41457,43097
2607,43122,44966
2608,44070,46034
2609,44289,46150
2610,45001,46689
2611,44979,46667
2612,45114,46803
2613,45332,47021
2614,45608,46892
2615,45715,47022
2616,45712,46951
2617,45409,46668
2618,45662,46961
2619,45451,46751
2620,45289,46462
2621,44967,46145
2622,44635,45616
2623,45243,46206
2624,46116,47072
2625,47303,48080
2626,48547,49167
2627,50028,50639
2628,50758,51456
2629,50235,51076
2630,49322,50260
2631,47772,48745
2632,46323,47267
2633,45072,46050
2634,43190,44324
2635,41109,42170
2636,38867,39821
2637,36799,37759
2638,34346,36083
2639,32988,35550
2640,33291,35902
2641,33141,35674
2642,33050,35586
2643,32343,34857
2644,31802,34270
2645,31643,34184
2646,30946,33560
2647,30256,32913
2648,29627,32269
2649,29565,32191
2650,30109,33482
2651,31231,34481
2652,34348,37210
2653,37732,40032
2654,40983,42255
2655,42587,43998
2656,43622,45115
2657,43800,45302
2658,44531,46077
2659,44874,46421
2660,44844,46388
2661,44889,46447
2662,45022,46227
2663,45260,46466
2664,45514,46740
2665,45232,46459
2666,45295,46519
2667,45099,46290
2668,45069,46287
2669,44656,45955
2670,44565,45523
2671,45076,46037
2672,45859,46722
2673,46874,47582
2674,48016,48628
2675,49247,49859
2676,50431,51035
2677,50112,50718
2678,48979,49752
2679,47531,48469
2680,46265,47202
2681,44517,45442
2682,43097,44067
2683,40977,41954
2684,38783,39758
2685,36884,37867
2686,34505,36173
2687,33193,35192
2688,33553,35676
2689,33422,35576
2690,33160,35611
2691,32363,34672
2692,31800,34163
2693,31721,34102
2694,31112,33690
2695,30360,32934
2696,29740,32305
2697,29708,32162
2698,30031,32942
2699,31282,34076
2700,34272,37124
2701,37713,39484
2702,40987,41803
2703,42522,43500
2704,43532,44595
2705,43832,44959
2706,44676,45674
2707,44935,45970
2708,44994,46018
2709,44963,45989
2710,45009,45985
2711,45172,46155
2712,45341,46361
2713,44985,45997
2714,44901,45965
2715,44720,45723
2716,44747,45786
2717,44301,45383
2718,43955,44913
2719,44479,45439
2720,45012,45977
2721,46026,46887
2722,47295,47938
2723,48712,49346
2724,50175,50766
2725,49851,50586
2726,48919,49802
2727,47437,48378
2728,46254,47193
2729,44653,45594
2730,43198,44136
2731,41016,41956
2732,38839,39781
2733,36771,37724
2734,34586,36305
2735,33342,35744
2736,33525,35790
2737,33349,35734
2738,32922,35542
2739,32157,34693
2740,31716,34308
2741,31604,34168
2742,31073,33667
2743,30142,32812
2744,29474,32180
2745,29268,31804
2746,29736,32751
2747,30831,33907
2748,33773,36288
2749,36866,38698
2750,39809,41077
2751,41473,42821
2752,42331,43802
2753,42579,44142
2754,43271,44433
2755,43334,44425
2756,43385,44436
2757,43302,44381
2758,43232,44218
2759,43312,44341
2760,43338,44381
2761,42878,43912
2762,42751,43728
2763,42504,43484
2764,42345,43277
2765,41864,42768
2766,41283,42163
2767,41585,42308
2768,42209,42994
2769,43276,44019
2770,44472,45088
2771,45720,46330
2772,47809,48427
2773,47464,48236
2774,46137,47017
2775,44831,45772
2776,43421,44364
2777,41812,42699
2778,40558,41497
2779,38671,39644
2780,37004,37946
2781,35730,36677
2782,34059,35587
2783,33177,35505
2784,33581,35876
2785,33272,35559
2786,32619,34914
2787,31431,33929
2788,30813,33289
2789,30648,33177
2790,30033,32752
2791,29076,31803
2792,28418,31098
2793,28178,30787
2794,28058,30413
2795,28304,30644
2796,29457,31773
2797,30207,31606
2798,30962,31571
2799,32051,32658
2800,34117,34723
2801,36179,36815
2802,37796,38401
2803,38640,39315
2804,39062,39950
2805,39217,40185
2806,39242,40175
2807,39217,40136
2808,39198,40068
2809,38778,39655
2810,38203,39061
2811,38013,38809
2812,37826,38623
2813,37332,38079
2814,37121,37778
2815,37219,37841
2816,37634,38240
2817,38821,39427
2818,40558,41163
2819,42479,43085
2820,44260,44887
2821,44236,45066
2822,43243,44096
2823,41998,42911
2824,40975,41774
2825,39312,39985
2826,38006,38718
2827,36591,37411
2828,35361,36170
2829,34519,35213
2830,33169,34281
2831,32349,34266
2832,32814,34365
2833,32596,34232
2834,31959,33949
2835,30921,33180
2836,30240,32741
2837,30122,32611
2838,29348,31720
2839,28442,30993
2840,27681,30286
2841,27363,29950
2842,27163,29735
2843,27172,29682
2844,27953,30325
2845,28055,30384
2846,28133,29877
2847,28681,30063
2848,30393,31034
2849,32287,32906
2850,34278,34930
2851,35748,36367
2852,37069,37704
2853,37752,38464
2854,38343,39107
2855,38692,39376
2856,39059,39679
2857,38959,39668
2858,38378,39094
2859,37909,38529
2860,37519,38138
2861,37067,37686
2862,36986,37743
2863,37030,37785
2864,37477,38101
2865,38345,38969
2866,39455,40078
2867,41064,41693
2868,44222,44847
2869,44597,45360
2870,43637,44543
2871,42297,43213
2872,41839,42756
2873,40460,41376
2874,39419,40330
2875,37481,38354
2876,35954,36851
2877,34273,35288
2878,32212,34302
2879,31105,33494
2880,31584,34144
2881,31730,34278
2882,31478,33997
2883,31006,33581
2884,30663,33239
2885,30758,33321
2886,30245,32785
2887,29476,32017
2888,29033,31622
2889,28948,31458
2890,29546,32056
2891,30762,32686
2892,34314,35762
2893,37210,38444
2894,40568,41466
2895,42280,43302
2896,43419,44427
2897,43922,44967
2898,44622,45635
2899,44780,45908
2900,44685,45868
2901,44632,45797
2902,44688,45755
2903,44683,45755
2904,44741,45822
2905,44446,45536
2906,44208,45251
2907,44014,44922
2908,43997,44856
2909,43629,44601
2910,43404,44415
2911,43951,44975
2912,44758,45784
2913,46044,46988
2914,47330,48137
2915,48343,49158
2916,50306,51213
2917,50178,51131
2918,48891,49796
2919,47558,48471
2920,46066,46983
2921,44404,45303
2922,42934,43849
2923,40386,41299
2924,38243,39156
2925,36079,36993
2926,33886,35893
2927,32707,35121
2928,32963,35321
2929,33120,35581
2930,32784,35244
2931,32218,34675
2932,31671,34121
2933,31708,34169
2934,31058,33827
2935,30482,33251
2936,29885,32625
2937,29792,32444
2938,30194,33387
2939,31393,34600
2940,34619,37459
2941,37703,39761
2942,40813,42332
2943,42477,44225
2944,43431,45171
2945,43570,45293
2946,44544,45730
2947,44837,45979
2948,44924,46063
2949,45091,46218
2950,45194,46288
2951,45365,46231
2952,45785,46671
2953,45541,46433
2954,45597,46519
2955,45551,46471
2956,45673,46578
2957,45463,46370
2958,45428,46406
2959,46112,47102
2960,47072,48051
2961,48251,49230
2962,49452,50403
2963,50332,51241
2964,51030,51820
2965,50673,51556
2966,49704,50607
2967,48061,48988
2968,47036,47960
2969,45106,45967
2970,43607,44520
2971,41270,42344
2972,39151,40234
2973,36981,38595
2974,34723,37210
2975,33374,36088
2976,33851,36367
2977,33878,36302
2978,33710,36179
2979,33134,35858
2980,32797,35496
2981,32874,35577
2982,32246,34951
2983,31507,34152
2984,31124,33775
2985,31052,33620
2986,31547,34950
2987,32743,36148
2988,35842,39151
2989,38898,41143
2990,42260,43802
2991,43992,45733
2992,44856,46552
2993,45275,46941
2994,45915,47276
2995,45945,47285
2996,45904,47244
2997,46019,47356
2998,46060,47257
2999,46138,47331
3000,46128,47325
3001,46007,47204
3002,45889,46922
3003,45747,46735
3004,45743,46714
3005,45394,46368
3006,45099,46126
3007,45620,46647
3008,46170,47197
3009,46941,47961
3010,47684,48578
3011,48648,49534
3012,51112,52043
3013,51510,52413
3014,50759,51615
3015,49451,50376
3016,48093,49019
3017,46038,46957
3018,44939,45798
3019,42738,43677
3020,40626,41584
3021,38574,40000
3022,36298,38689
3023,35092,37769
3024,35512,38191
3025,35473,38000
3026,35269,37815
3027,34491,37174
3028,34153,36747
3029,34290,36892
3030,33456,36264
3031,32804,35622
3032,32319,35185
3033,32176,35022
3034,32675,36411
3035,33718,37487
3036,36585,40138
3037,39463,42200
3038,42653,44647
3039,44350,46448
3040,45381,47506
3041,45732,47854
3042,46520,48263
3043,46772,48487
3044,46652,48372
3045,46605,48323
3046,46534,48277
3047,46461,48207
3048,46494,48205
3049,46000,47694
3050,45830,47154
3051,45797,47057
3052,45636,46873
3053,45168,46419
3054,44831,45847
3055,45274,46301
3056,45831,46788
3057,46877,47798
3058,47625,48469
3059,48302,49157
3060,50993,51862
3061,51801,52731
3062,51007,51910
3063,49345,50268
3064,48246,49163
3065,46554,47477
3066,44979,46070
3067,42533,43647
3068,40382,41490
3069,38367,39823
3070,36257,38051
3071,34911,37312
3072,35288,37436
3073,35220,37232
3074,35100,37207
3075,34432,36858
3076,34077,36717
3077,34170,36646
3078,33564,36175
3079,32691,35309
3080,32148,34752
3081,32047,34628
3082,32470,35360
3083,33664,36477
3084,36463,38698
3085,39242,40908
3086,42252,44144
3087,43863,45908
3088,44913,46949
3089,45218,47123
3090,45890,47577
3091,45968,47719
3092,45881,47660
3093,45612,47355
3094,45521,47241
3095,45413,47103
3096,45274,46962
3097,44769,46535
3098,44509,46340
3099,44115,45942
3100,43857,45680
3101,43314,45180
3102,42703,43757
3103,42976,43945
3104,43478,44249
3105,44398,45231
3106,45293,46090
3107,46168,46860
3108,48732,49461
3109,49170,49977
3110,48128,48993
3111,46610,47531
3112,45115,46039
3113,43475,44347
3114,42035,42876
3115,39848,40686
3116,37907,38764
3117,36366,37405
3118,34726,36376
3119,33846,35858
3120,34292,36307
3121,34074,36229
3122,33452,35725
3123,32404,34685
3124,31752,34278
3125,31623,34139
3126,30936,33567
3127,30073,32700
3128,29278,31893
3129,28869,31399
3130,28674,31044
3131,28847,31179
3132,29967,32047
3133,30397,31728
3134,31587,32356
3135,32837,33600
3136,34885,35638
3137,36552,37263
3138,37901,38509
3139,38444,39153
3140,38719,39492
3141,38845,39702
3142,38576,39449
3143,38463,39360
3144,38237,39147
3145,37926,38835
3146,37688,38598
3147,37348,38187
3148,37071,37811
3149,36763,37451
3150,36598,37396
3151,36881,37712
3152,37255,38009
3153,38618,39230
3154,40177,40789
3155,41553,42164
3156,43700,44386
3157,43535,44168
3158,42641,43402
3159,40857,41655
3160,39555,40238
3161,38133,38765
3162,36936,37695
3163,35498,36345
3164,34086,34917
3165,33460,34391
3166,31852,33557
3167,31103,33304
3168,31717,34018
3169,31623,33914
3170,31071,33311
3171,30048,32599
3172,29490,32036
3173,29354,31833
3174,28790,31367
3175,27980,30528
3176,27419,29911
3177,27090,29617
3178,26956,29401
3179,27100,29518
3180,27579,29928
3181,27379,29624
3182,27852,29083
3183,28463,29086
3184,30144,30763
3185,31792,32410
3186,33340,33959
3187,34570,35190
3188,35798,36416
3189,36683,37331
3190,37406,38139
3191,38019,38719
3192,38631,39367
3193,38658,39471
3194,38390,39239
3195,38146,38922
3196,38210,38915
3197,38016,38759
3198,38015,38811
3199,38095,38791
3200,38302,38925
3201,38884,39511
3202,39608,40235
3203,40856,41484
3204,43263,43869
3205,44105,44746
3206,43633,44436
3207,42454,43376
3208,41528,42354
3209,40339,41165
3210,39272,40172
3211,37334,38252
3212,35663,36579
3213,33834,34867
3214,31770,33255
3215,30691,32728
3216,31317,33315
3217,31523,33477
3218,31397,33407
3219,30885,32959
3220,30572,32667
3221,30656,32842
3222,30178,32650
3223,29403,32043
3224,28844,31472
3225,28756,31294
3226,29191,32338
3227,30417,33655
3228,33775,36192
3229,36625,38151
3230,40185,41502
3231,41740,43204
3232,43092,44645
3233,43614,45161
3234,44647,46188
3235,45053,46661
3236,45042,46985
3237,45170,47103
3238,45247,46965
3239,45265,46697
3240,45339,46783
3241,44895,46334
3242,44650,46262
3243,44463,46343
3244,44409,46289
3245,44035,45970
3246,43553,44650
3247,43958,44984
3248,44701,45727
3249,45894,46924
3250,46903,47932
3251,47739,48771
3252,49898,50929
3253,50505,51518
3254,49670,50591
3255,48231,49150
3256,46625,47534
3257,45031,45880
3258,43352,44366
3259,41021,42045
3260,38657,39613
3261,36522,37741
3262,34302,36696
3263,32945,36024
3264,33508,36464
3265,33571,36430
3266,33557,36630
3267,32921,36132
3268,32569,35688
3269,32669,35778
3270,32138,35459
3271,31187,34720
3272,30658,34150
3273,30574,33941
3274,31034,34601
3275,32266,35752
3276,35246,38270
3277,38067,40379
3278,41521,43536
3279,43065,45168
3280,44144,46391
3281,44431,46723
3282,44927,47245
3283,45208,47507
3284,45204,47573
3285,45181,47642
3286,45304,47826
3287,45426,47691
3288,45531,47795
3289,45217,47478
3290,45255,47690
3291,45114,47826
3292,45056,47793
3293,44708,47464
3294,44267,46172
3295,44720,46595
3296,45351,47542
3297,46311,48431
3298,46905,47868
3299,47114,48072
3300,49191,50140
3301,50569,51514
3302,50068,51462
3303,48726,50208
3304,47355,48209
3305,45964,46876
3306,44125,45805
3307,42018,43869
3308,39867,41731
3309,37704,40044
3310,35427,38056
3311,33952,36959
3312,34389,37101
3313,34324,36961
3314,34264,36765
3315,33493,36133
3316,33208,35634
3317,33142,35568
3318,32539,35405
3319,31787,34754
3320,31170,34132
3321,31064,34087
3322,31666,35268
3323,32792,36485
3324,35663,38943
3325,38392,40621
3326,41851,44021
3327,43584,45985
3328,44449,46866
3329,44765,47182
3330,45557,47968
3331,45660,48011
3332,45555,47878
3333,45537,47885
3334,45482,47846
3335,45463,47826
3336,45408,47771
3337,45058,47421
3338,44955,47319
3339,44636,46998
3340,44450,46811
3341,43998,46357
3342,43577,45362
3343,44002,45642
3344,44777,46116
3345,45817,47048
3346,46711,47557
3347,47233,48206
3348,49027,50059
3349,49737,50746
3350,48764,49674
3351,47227,48139
3352,45825,46739
3353,43995,44910
3354,42328,43513
3355,40268,41458
3356,38104,39293
3357,36037,37298
3358,33522,36261
3359,32316,35399
3360,32539,35580
3361,32598,35591
3362,32393,35422
3363,31675,34817
3364,31243,34298
3365,31170,34234
3366,30438,33575
3367,29574,32694
3368,29087,32351
3369,29029,32218
3370,29555,33077
3371,30883,34245
3372,33734,36585
3373,36365,38591
3374,39914,41829
3375,41594,43629
3376,42672,44625
3377,43042,45216
3378,43785,46215
3379,44025,46042
3380,44056,46061
3381,44046,46049
3382,44067,46109
3383,44162,46219
3384,44276,46324
3385,44005,46070
3386,43978,46014
3387,43681,45637
3388,43509,45573
3389,43171,45285
3390,42931,44937
3391,43311,45399
3392,43854,45371
3393,44738,46118
3394,45555,46275
3395,46202,46926
3396,47895,48622
3397,49133,49849
3398,48282,49144
3399,46898,47774
3400,45997,46841
3401,44127,45042
3402,42785,44255
3403,40514,42013
3404,38646,40255
3405,36760,38503
3406,34514,37009
3407,33328,35996
3408,33662,36011
3409,33493,35949
3410,33222,35696
3411,32478,35068
3412,31949,34487
3413,31908,34041
3414,31034,33555
3415,30347,32961
3416,29775,32348
3417,29745,32535
3418,30283,33348
3419,31481,34538
3420,34127,36443
3421,36833,38799
3422,40218,41528
3423,41751,43250
3424,42877,44443
3425,43093,44650
3426,43488,45003
3427,43893,45403
3428,43923,45438
3429,43788,45269
3430,43806,45252
3431,43871,45270
3432,43958,45294
3433,43529,44905
3434,43607,45002
3435,43422,44726
3436,43311,44599
3437,42798,44099
3438,42382,43865
3439,42611,44124
3440,43215,44434
3441,43903,45054
3442,44575,45298
3443,44764,45488
3444,46191,46920
3445,47006,47733
3446,46080,46961
3447,44469,45313
3448,43093,43933
3449,41434,42223
3450,40109,41081
3451,38113,39306
3452,36596,37914
3453,35133,36465
3454,33454,34976
3455,32429,34720
3456,32836,35063
3457,32510,34757
3458,31708,34242
3459,30640,33190
3460,29966,32502
3461,29591,32065
3462,28741,31221
3463,27850,30315
3464,27165,29605
3465,26971,29387
3466,26939,29274
3467,27208,29544
3468,27933,30018
3469,28454,29821
3470,30011,30622
3471,31192,31803
3472,33107,33717
3473,34959,35567
3474,36376,36984
3475,36822,37511
3476,37310,37995
3477,37405,38118
3478,37364,38081
3479,37415,38151
3480,37464,38204
3481,37007,37697
3482,36484,37178
3483,35923,36545
3484,35546,36169
3485,35126,35748
3486,35004,35761
3487,34888,35720
3488,35168,35926
3489,35892,36519
3490,37135,37832
3491,38458,39258
3492,40417,41200
3493,42393,43136
3494,42097,42885
3495,40496,41398
3496,39496,40386
3497,38504,39291
3498,37363,38193
3499,35936,36772
3500,34491,35349
3501,33516,34335
3502,32233,33308
3503,31273,32453
3504,31674,32857
3505,31473,32626
3506,30931,32524
3507,29966,31741
3508,29315,31093
3509,29155,31002
3510,28367,30852
3511,27540,30019
3512,27076,29545
3513,26932,29329
3514,26803,29086
3515,26828,29112
3516,26992,29269
3517,27151,29405
3518,27927,29433
3519,28677,29596
3520,30433,31053
3521,32133,32781
3522,33822,34440
3523,34770,35460
3524,35607,36442
3525,35983,36864
3526,36242,37132
3527,36557,37465
3528,36817,37675
3529,36598,37461
3530,36143,36994
3531,35542,36374
3532,35210,36042
3533,34863,35661
3534,34736,35418
3535,34959,35636
3536,35539,36163
3537,36252,36929
3538,37413,38038
3539,38554,39186
3540,40890,41518
3541,42727,43522
3542,42468,43443
3543,41447,42260
3544,40639,41488
3545,39367,40266
3546,38369,39282
3547,36536,37441
3548,34923,35739
3549,33012,34002
3550,30998,33301
3551,30061,32592
3552,30540,33056
3553,30596,33032
3554,30395,33012
3555,29758,32419
3556,29281,31614
3557,29133,31261
3558,28547,30937
3559,27970,30686
3560,27558,30305
3561,27649,30420
3562,28348,30881
3563,29873,31965
3564,32668,34687
3565,35653,37705
3566,39115,40595
3567,40705,42185
3568,42024,43505
3569,42436,43902
3570,43005,44424
3571,43163,44710
3572,43153,45099
3573,43056,44857
3574,43099,44882
3575,43021,44866
3576,42992,44958
3577,42705,44702
3578,42574,44503
3579,42226,44152
3580,42124,43873
3581,41672,43120
3582,41387,42873
3583,41807,43289
3584,42398,43683
3585,43145,44444
3586,43779,44751
3587,44053,45080
3588,45678,46708
3589,48030,49039
3590,47698,48615
3591,46382,47298
3592,45101,46016
3593,43476,44394
3594,42038,43251
3595,39752,40986
3596,37552,38745
3597,35359,36679
3598,33081,35272
3599,31706,34269
3600,32020,34534
3601,32002,34464
3602,31702,34257
3603,30930,33481
3604,30359,32946
3605,30244,32838
3606,29602,32165
3607,28906,31484
3608,28565,31190
3609,28544,31041
3610,29016,30887
3611,30436,33108
3612,33096,35593
3613,36043,38327
3614,39337,40092
3615,40885,41609
3616,42073,42723
3617,42287,42930
3618,42945,43586
3619,43117,43887
3620,43090,43974
3621,43110,44043
3622,43133,44070
3623,43175,44038
3624,43266,44129
3625,42894,43758
3626,42684,43548
3627,42346,43207
3628,42246,43107
3629,41860,42721
3630,41554,42484
3631,41838,42769
3632,42641,43502
3633,43601,44448
3634,44381,45155
3635,44741,45557
3636,45960,46785
3637,48074,48903
3638,47914,48753
3639,46302,47211
3640,45605,46441
3641,43700,44536
3642,41893,42796
3643,39531,40378
3644,37465,38278
3645,35282,36086
3646,33041,34443
3647,31669,33663
3648,31957,33911
3649,31842,33798
3650,31563,33560
3651,30787,32851
3652,30403,32475
3653,30364,32584
3654,29717,32137
3655,29070,31484
3656,28699,31098
3657,28653,30961
3658,29373,31871
3659,30769,33519
3660,33223,35857
3661,36456,38662
3662,39877,41061
3663,41482,42784
3664,42367,43437
3665,42733,43807
3666,43544,44682
3667,43689,44961
3668,43605,44917
3669,43558,44826
3670,43509,44778
3671,43454,44714
3672,43388,44644
3673,42961,44232
3674,42478,43749
3675,42284,43549
3676,42014,43283
3677,41582,42909
3678,41164,42201
3679,41290,42265
3680,41919,42923
3681,42741,43692
3682,43311,44299
3683,43490,44473
3684,44608,45566
3685,47493,48422
3686,47568,48424
3687,46539,47456
3688,45676,46554
3689,43650,44566
3690,42305,43215
3691,39988,40898
3692,37804,38672
3693,35599,36620
3694,33294,35307
3695,31934,35105
3696,32103,35370
3697,31968,35093
3698,31618,34706
3699,30870,33963
3700,30359,33294
3701,30244,33073
3702,29628,32695
3703,28953,31858
3704,28545,31718
3705,28541,32139
3706,29167,32635
3707,30374,33555
3708,32823,35880
3709,36037,38560
3710,39661,41384
3711,41265,43074
3712,42289,44206
3713,42523,44458
3714,43148,45083
3715,43213,45156
3716,43044,45052
3717,43008,44992
3718,42894,44746
3719,42893,44728
3720,42938,44772
3721,42470,44317
3722,42331,44247
3723,42322,44166
3724,42270,44103
3725,41860,43693
3726,41614,43212
3727,41893,43492
3728,42697,44295
3729,43396,44992
3730,43989,44934
3731,44156,45101
3732,45136,46045
3733,47611,48479
3734,47489,48242
3735,46337,47105
3736,45483,46465
3737,43703,44745
3738,42151,43754
3739,39715,41606
3740,37473,39318
3741,35433,37303
3742,33107,34790
3743,31655,34182
3744,31821,34252
3745,31694,34063
3746,31404,33833
3747,30587,33055
3748,30044,32546
3749,30081,32656
3750,29435,32070
3751,28732,31355
3752,28280,30896
3753,28260,30826
3754,29000,32147
3755,30238,33447
3756,32509,35611
3757,35673,38539
3758,39122,40825
3759,40911,42712
3760,42107,43409
3761,42371,43708
3762,42873,44211
3763,42871,44289
3764,42681,44036
3765,42572,43880
3766,42475,43729
3767,42353,43577
3768,42191,43395
3769,41687,42925
3770,41156,42361
3771,40859,42393
3772,40595,42188
3773,40029,41590
3774,39327,40243
3775,39407,40355
3776,39868,40811
3777,40643,41564
3778,41267,42072
3779,41359,42094
3780,42264,42985
3781,45260,46106
3782,45624,46488
3783,44371,45286
3784,43006,43856
3785,41522,42357
3786,40249,41059
3787,38374,39209
3788,36563,37399
3789,34994,35916
3790,33067,34995
3791,32063,34193
3792,32194,34011
3793,31919,33660
3794,31352,33330
3795,30422,32590
3796,29731,31846
3797,29512,31518
3798,28806,31015
3799,28075,30342
3800,27558,29781
3801,27448,29593
3802,27413,29409
3803,27603,29567
3804,28059,30021
3805,29201,30473
3806,30798,31406
3807,32223,32886
3808,34390,35121
3809,35957,36633
3810,37190,37786
3811,37370,38048
3812,37537,38255
3813,37280,37982
3814,37065,37770
3815,36785,37459
3816,36593,37219
3817,35935,36558
3818,35366,36125
3819,34811,35639
3820,34429,35255
3821,34000,34746
3822,33812,34431
3823,33811,34430
3824,34164,34786
3825,35142,35762
3826,36316,36928
3827,37467,38082
3828,38722,39339
3829,41314,41886
3830,41188,41935
3831,40361,41200
3832,39256,40092
3833,38017,38817
3834,36786,37625
3835,35352,36251
3836,33915,34774
3837,32948,33824
3838,31666,32704
3839,30826,32203
3840,31010,32203
3841,30585,31700
3842,29973,31208
3843,29033,30834
3844,28402,30366
3845,28125,30094
3846,27290,29479
3847,26512,28699
3848,25893,28026
3849,25653,27707
3850,25635,27671
3851,25632,27666
3852,25558,27578
3853,26038,27955
3854,26925,28478
3855,27708,28999
3856,29635,30466
3857,31233,31987
3858,32827,33446
3859,33892,34510
3860,34619,35239
3861,35066,35698
3862,35286,35907
3863,35531,36154
3864,35742,36425
3865,35611,36302
3866,34926,35720
3867,34338,35163
3868,34000,34801
3869,33433,34213
3870,33238,33919
3871,33380,34056
3872,33686,34309
3873,34129,34751
3874,34833,35456
3875,35316,35942
3876,36778,37403
3877,39486,40107
3878,40215,40837
3879,39486,40148
3880,39185,39812
3881,37866,38564
3882,37072,37899
3883,35286,36199
3884,33702,34610
3885,32047,33016
3886,30027,31927
3887,28772,31025
3888,29026,31269
3889,28921,31145
3890,28625,30842
3891,27818,30029
3892,27356,29676
3893,27362,29565
3894,26764,29021
3895,26229,28445
3896,25957,27970
3897,26000,27976
3898,26694,27726
3899,27898,28630
3900,30332,30961
3901,33502,34136
3902,37223,37936
3903,39194,39923
3904,40598,41358
3905,41136,41935
3906,42158,42957
3907,42507,43339
3908,42680,43578
3909,42800,43633
3910,43040,43895
3911,43262,44134
3912,43494,44380
3913,43295,44194
3914,43107,43927
3915,43047,43764
3916,42978,43693
3917,42584,43299
3918,42436,43221
3919,42876,43672
3920,43567,44365
3921,44368,45163
3922,44604,45400
3923,44081,44881
3924,44528,45331
3925,46932,47715
3926,47400,48090
3927,46269,47071
3928,44774,45568
3929,43301,44063
3930,41751,42627
3931,39267,40138
3932,37029,37788
3933,34799,35859
3934,32598,34535
3935,31302,33288
3936,31606,33584
3937,31596,33568
3938,31383,33457
3939,30822,32989
3940,30477,32757
3941,30576,32850
3942,29930,32122
3943,29398,31612
3944,29047,31264
3945,29059,31149
3946,29627,32675
3947,30691,33955
3948,33058,35929
3949,36120,38058
3950,39542,40475
3951,41195,42113
3952,42573,43586
3953,42889,43983
3954,43489,44607
3955,43608,44728
3956,43623,44639
3957,43579,44583
3958,43652,44670
3959,43693,44778
3960,43837,44915
3961,43481,44624
3962,43192,44662
3963,43083,44501
3964,42956,44333
3965,42596,43978
3966,42217,43161
3967,42661,43602
3968,43509,44450
3969,44452,45393
3970,45332,46256
3971,45552,46452
3972,46625,47414
3973,47986,48689
3974,47778,48522
3975,46546,47413
3976,45423,46344
3977,43616,44537
3978,41846,42761
3979,39366,40286
3980,37359,38184
3981,35089,35843
3982,32708,34414
3983,31376,33393
3984,31555,33476
3985,31373,33351
3986,31176,33136
3987,30470,32620
3988,29801,32098
3989,29837,32115
3990,29247,31424
3991,28457,30684
3992,28045,30334
3993,28053,30471
3994,28696,32032
3995,29629,32842
3996,32012,34788
3997,35135,37192
3998,38657,40188
3999,40402,42019
4000,41556,43203
4001,41916,43609
4002,42772,44475
4003,43016,44777
4004,43269,45024
4005,43298,45050
4006,43524,45275
4007,43646,45406
4008,43737,45522
4009,43366,45187
4010,42992,44807
4011,42911,44670
4012,42995,44543
4013,42304,43861
4014,42278,43552
4015,42607,43887
4016,43362,44390
4017,43997,45025
4018,44180,45181
4019,44166,45114
4020,44561,45365
4021,46709,47423
4022,47313,48069
4023,46474,47399
4024,45279,46197
4025,43552,44468
4026,42091,43034
4027,39803,40720
4028,37935,39027
4029,35887,37291
4030,33377,35241
4031,32077,34345
4032,32424,34702
4033,32164,34428
4034,31779,34027
4035,30848,33089
4036,30245,32470
4037,30296,32513
4038,29493,31788
4039,28737,31014
4040,28201,30406
4041,28186,30440
4042,28733,31856
4043,29576,32539
4044,31949,34389
4045,35153,36826
4046,38602,39282
4047,40586,41333
4048,41877,42719
4049,42244,43119
4050,43100,44013
4051,43409,44322
4052,43477,44410
4053,43499,44467
4054,43613,44594
4055,43859,44835
4056,43848,44844
4057,43458,44477
4058,43035,44004
4059,42795,43651
4060,42619,43462
4061,42072,42955
4062,41835,42850
4063,42422,43448
4064,43000,44026
4065,43629,44621
4066,44099,45034
4067,43834,44661
4068,44218,44945
4069,46244,46953
4070,47006,47640
4071,45902,46736
4072,44954,45725
4073,43368,43992
4074,41718,42478
4075,39508,40379
4076,37485,38229
4077,35349,36121
4078,33107,34611
4079,31812,33833
4080,31987,33895
4081,31801,33656
4082,31516,33508
4083,30707,32826
4084,30255,32304
4085,30240,32326
4086,29495,31593
4087,28789,31006
4088,28271,30446
4089,28267,30405
4090,28786,30673
4091,29449,31148
4092,31923,33283
4093,35026,36298
4094,38263,38956
4095,40044,40768
4096,41376,42217
4097,41704,42598
4098,42506,43281
4099,42690,43484
4100,42638,43444
4101,42649,43422
4102,42688,43588
4103,42897,43843
4104,43058,44000
4105,42443,43394
4106,42190,43140
4107,42022,42968
4108,41916,42871
4109,41353,42327
4110,40768,41794
4111,40923,41949
4112,41443,42419
4113,42094,42979
4114,42570,43306
4115,42297,42967
4116,42787,43455
4117,44624,45273
4118,45365,45941
4119,44140,44816
4120,42816,43666
4121,41385,42230
4122,39980,40826
4123,38211,39105
4124,36525,37391
4125,35046,36465
4126,33265,35207
4127,32166,34129
4128,32399,34174
4129,32192,34154
4130,31569,33527
4131,30609,32269
4132,30163,32118
4133,29880,31699
4134,29283,31262
4135,28499,30579
4136,27792,29874
4137,27482,29632
4138,27450,29530
4139,27205,29137
4140,27901,29662
4141,29044,30265
4142,30662,31281
4143,31799,32415
4144,33820,34434
4145,35647,36257
4146,37117,37721
4147,37625,38355
4148,38194,38949
4149,38315,39099
4150,38548,39383
4151,38540,39382
4152,38659,39509
4153,38266,39188
4154,37853,38708
4155,37441,38279
4156,37197,38031
4157,36813,37647
4158,36617,37450
4159,36868,37701
4160,37076,37908
4161,38050,38875
4162,39197,39932
4163,40199,40893
4164,40558,41223
4165,41903,42538
4166,42674,43368
4167,41804,42567
4168,40643,41527
4169,39362,40284
4170,38116,39033
4171,36867,37754
4172,35736,36655
4173,34761,36007
4174,33118,35116
4175,32064,34060
4176,32556,34546
4177,32334,34319
4178,31983,34021
4179,31605,33586
4180,31235,33233
4181,30769,32849
4182,29946,32019
4183,29191,31259
4184,28661,30657
4185,28453,30396
4186,28674,30495
4187,28465,30283
4188,28989,30874
4189,29706,31589
4190,30567,32209
4191,31462,32326
4192,33166,33749
4193,34488,35071
4194,35675,36258
4195,36455,37038
4196,37026,37688
4197,37374,38136
4198,37642,38449
4199,37481,38291
4200,37043,37853
4201,36796,37605
4202,36487,37339
4203,35928,36717
4204,35711,36521
4205,35607,36423
4206,35685,36502
4207,36030,36763
4208,36545,37131
4209,36761,37347
4210,36746,37335
4211,36728,37316
4212,37315,37908
4213,39163,39713
4214,41327,42040
4215,40533,41293
4216,39390,40194
4217,37718,38535
4218,36281,37097
4219,34126,35196
4220,31898,33163
4221,29811,30969
4222,28181,29388
4223,27549,28839
4224,29087,30377
4225,30036,31327
4226,30101,31392
4227,29976,31402
4228,29851,31339
4229,29470,31018
4230,29021,30569
4231,28742,30253
4232,29155,31150
4233,30266,32228
4234,33002,34906
4235,35765,37573
4236,39573,40196
4237,42128,42887
4238,43236,44132
4239,43132,43976
4240,44004,44843
4241,44293,45134
4242,44056,44900
4243,44017,44854
4244,44022,44860
4245,43888,44724
4246,43883,44722
4247,43416,44254
4248,43080,43917
4249,43096,43932
4250,43141,43978
4251,42811,43649
4252,42466,43304
4253,42791,43629
4254,43251,44089
4255,43682,44518
4256,44011,44847
4257,43782,44618
4258,43400,44238
4259,43343,44080
4260,43458,44048
4261,44389,44979
4262,44625,45357
4263,43409,44227
4264,42408,43223
4265,40166,40980
4266,38093,38917
4267,35434,36726
4268,33086,34944
4269,31087,33365
4270,29394,31762
4271,28784,31143
4272,30018,32343
4273,31001,33329
4274,30875,33153
4275,30703,33015
4276,30318,32652
4277,29949,32283
4278,29444,31850
4279,29227,31651
4280,29607,32918
4281,30646,34014
4282,33487,36552
4283,36283,39126
4284,39972,41246
4285,42303,43336
4286,43071,44199
4287,42850,44024
4288,43361,44189
4289,43406,44253
4290,43460,44284
4291,43439,44220
4292,43399,44184
4293,43351,44174
4294,43432,44242
4295,43084,43939
4296,42874,43659
4297,42551,43325
4298,42439,43212
4299,42100,42885
4300,41807,42664
4301,42154,43010
4302,42715,43574
4303,43304,44162
4304,43573,44432
4305,43175,43961
4306,42614,43263
4307,42480,43046
4308,42418,42970
4309,43135,43744
4310,44474,45213
4311,43362,44198
4312,42340,43173
4313,40246,41080
4314,38255,39092
4315,35630,37048
4316,33129,34814
4317,30955,32557
4318,29453,31053
4319,28691,30364
4320,29877,31544
4321,30705,32367
4322,30563,32222
4323,30382,32035
4324,30012,31653
4325,29627,31225
4326,29156,30719
4327,29022,30616
4328,29492,32237
4329,30520,33225
4330,33341,35995
4331,36112,38135
4332,39805,40689
4333,42087,42668
4334,42931,43657
4335,42511,43324
4336,42886,43696
4337,42970,43777
4338,42904,43711
4339,42789,43593
4340,42789,43596
4341,42776,43582
4342,42794,43601
4343,42439,43248
4344,42186,42992
4345,41905,42710
4346,41701,42508
4347,41371,42185
4348,40938,41821
4349,41226,42109
4350,41562,42445
4351,41987,42869
4352,42098,42912
4353,41633,42439
4354,40932,41740
4355,40543,41353
4356,40474,41266
4357,41704,42489
4358,43269,44057
4359,42334,43196
4360,41294,42089
4361,39240,40035
4362,37829,38677
4363,35369,36225
4364,32832,33693
4365,30787,32200
4366,29166,30643
4367,28460,29791
4368,29431,30755
4369,30181,31489
4370,30049,31488
4371,29811,31255
4372,29375,30896
4373,29104,30478
4374,28589,29956
4375,28507,29855
4376,28839,30252
4377,29878,31197
4378,32580,34317
4379,35283,37025
4380,39260,40320
4381,41795,42577
4382,42855,43610
4383,42611,43421
4384,43101,43907
4385,43230,44035
4386,43231,44035
4387,43166,43972
4388,43275,44080
4389,43208,44012
4390,43163,43967
4391,42691,43496
4392,42332,43140
4393,41923,42730
4394,41728,42535
4395,41246,42060
4396,40863,41758
4397,40958,41858
4398,41321,42224
4399,41664,42513
4400,41753,42580
4401,41432,42255
4402,40915,41738
4403,40642,41465
4404,40639,41438
4405,41366,42176
4406,42157,43035
4407,42631,43508
4408,41317,42183
4409,39220,40040
4410,37430,38288
4411,34951,35802
4412,32571,33510
4413,30635,32039
4414,29032,30612
4415,28330,29910
4416,29240,30698
4417,29838,31315
4418,29721,31277
4419,29480,31040
4420,29100,30722
4421,28775,30349
4422,28305,29820
4423,28015,29437
4424,28542,29834
4425,29549,30725
4426,32353,33833
4427,34954,36370
4428,38838,39377
4429,41660,42222
4430,42816,43615
4431,42645,43562
4432,43300,44214
4433,43352,44269
4434,43385,44204
4435,43337,44143
4436,43362,44167
4437,43362,44167
4438,43289,44095
4439,42734,43543
4440,42000,42805
4441,41510,42316
4442,41068,41874
4443,40401,41215
4444,39889,40772
4445,39513,40396
4446,39623,40506
4447,40014,40896
4448,40236,41048
4449,39998,40800
4450,39693,40495
4451,39555,40356
4452,39593,40374
4453,40442,41234
4454,40983,41837
4455,40382,41245
4456,39159,40019
4457,37458,38321
4458,35876,36678
4459,33927,34781
4460,32052,33193
4461,30449,31579
4462,28932,30100
4463,28195,29535
4464,28892,30032
4465,29327,30508
4466,28951,30032
4467,28466,29546
4468,27909,29148
4469,27604,28934
4470,26961,28533
4471,26544,28267
4472,26319,27805
4473,26372,27693
4474,27252,28419
4475,27760,28755
4476,29399,29928
4477,30983,31639
4478,32923,33603
4479,34270,34967
4480,35621,36376
4481,36087,36853
4482,36424,37190
4483,36490,37288
4484,36414,37270
4485,36286,37148
4486,36068,36931
4487,35550,36413
4488,34947,35807
4489,34430,35287
4490,34019,34876
4491,33398,34255
4492,33175,34032
4493,33071,33928
4494,33114,33978
4495,33557,34416
4496,34568,35413
4497,34950,35810
4498,34926,35753
4499,34779,35510
4500,34838,35453
4501,35620,36235
4502,37331,37940
4503,36893,37572
4504,35842,36654
4505,34658,35521
4506,33406,34267
4507,32026,32878
4508,30617,31390
4509,29268,30042
4510,27866,28798
4511,27106,28145
4512,27904,28754
4513,28358,29244
4514,27970,28909
4515,27560,28450
4516,27054,28168
4517,26706,28061
4518,26101,27669
4519,25784,27352
4520,25659,27226
4521,25747,27155
4522,25928,27240
4523,26006,27206
4524,27016,28337
4525,28208,29229
4526,29533,30297
4527,30759,31431
4528,32385,32906
4529,33536,34062
4530,34273,34799
4531,34489,35049
4532,34817,35424
4533,35011,35700
4534,35229,36012
4535,35029,35881
4536,34302,35158
4537,33829,34684
4538,33633,34488
4539,33296,34151
4540,33190,34048
4541,33198,34046
4542,33598,34360
4543,34063,34739
4544,34456,35063
4545,34537,35144
4546,34665,35271
4547,34582,35163
4548,34753,35358
4549,35970,36536
4550,38103,38710
4551,37624,38314
4552,36866,37685
4553,35385,36248
4554,34114,34974
4555,32198,33127
4556,30226,31222
4557,28355,29793
4558,27101,28553
4559,26481,27997
4560,27385,28955
4561,27992,29509
4562,27838,29415
4563,27603,29174
4564,27216,28785
4565,27000,28559
4566,26633,28195
4567,26501,28006
4568,26922,27760
4569,27987,28653
4570,30506,31030
4571,32511,33036
4572,35711,36326
4573,37908,38543
4574,39853,40585
4575,40770,41591
4576,41870,42750
4577,42055,42943
4578,42107,42996
4579,42039,42928
4580,42066,42953
4581,41973,42858
4582,41963,42813
4583,41709,42593
4584,41412,42299
4585,41247,42130
4586,41203,42086
4587,40926,41809
4588,40928,41810
4589,41005,41884
4590,41372,42250
4591,41931,42809
4592,42337,43215
4593,42337,43215
4594,41827,42705
4595,41618,42498
4596,41478,42339
4597,42030,42897
4598,42564,43426
4599,41811,42668
4600,40515,41375
4601,38293,39156
4602,36445,37305
4603,34185,35038
4604,31801,32739
4605,29862,31449
4606,28267,29919
4607,27671,29296
4608,28519,29908
4609,29116,30548
4610,28977,30493
4611,28604,30177
4612,28203,29744
4613,27839,29344
4614,27400,28862
4615,27227,28698
4616,27589,28802
4617,28660,29737
4618,30915,32087
4619,32914,33969
4620,36091,36601
4621,38263,38770
4622,39999,40656
4623,40772,41557
4624,41475,42196
4625,41470,42265
4626,41463,42270
4627,41386,42183
4628,41443,42244
4629,41493,42271
4630,41484,42252
4631,41177,41954
4632,40801,41605
4633,40387,41190
4634,40178,40980
4635,39844,40655
4636,39594,40473
4637,39477,40293
4638,39636,40481
4639,40237,41040
4640,40550,41349
4641,40264,41062
4642,39699,40392
4643,39315,39858
4644,39178,39687
4645,39673,40188
4646,41460,42072
4647,40995,41688
4648,39524,40367
4649,37794,38589
4650,35818,36610
4651,33455,34308
4652,31058,31729
4653,29036,29618
4654,27492,28189
4655,26693,27477
4656,27545,28182
4657,28108,28693
4658,27950,28532
4659,27733,28309
4660,27288,27792
4661,26947,27450
4662,26477,26980
4663,26417,26953
4664,26717,27289
4665,27818,28321
4666,30086,30593
4667,32232,32740
4668,35354,35865
4669,37574,38085
4670,39240,39877
4671,39950,40653
4672,40819,41522
4673,41108,41811
4674,41150,41854
4675,41195,41899
4676,41255,41958
4677,41108,41813
4678,41079,41786
4679,40630,41339
4680,40547,41299
4681,40120,40821
4682,39928,40630
4683,39433,40145
4684,39358,40223
4685,39266,40149
4686,39433,40316
4687,39801,40614
4688,40054,40856
4689,39796,40600
4690,39045,39718
4691,38767,39293
4692,38475,39010
4693,38930,39448
4694,40822,41388
4695,40794,41478
4696,39584,40378
4697,37871,38675
4698,36350,37140
4699,34180,34883
4700,31849,32447
4701,29956,30469
4702,28331,29082
4703,27376,28500
4704,28134,28913
4705,28664,29387
4706,28396,29196
4707,28012,28738
4708,27552,28424
4709,27185,28146
4710,26686,27796
4711,26586,27700
4712,26941,27681
4713,27777,28445
4714,29849,30358
4715,32011,32518
4716,35071,35581
4717,37379,37889
4718,39253,39761
4719,40247,40771
4720,41132,41832
4721,41419,42186
4722,41549,42266
4723,41555,42245
4724,41594,42210
4725,41611,42255
4726,41669,42344
4727,41390,42128
4728,41327,42124
4729,40885,41688
4730,40716,41495
4731,40332,41123
4732,40142,41022
4733,39964,40847
4734,39872,40685
4735,40199,41001
4736,40493,41292
4737,40098,40911
4738,39710,40586
4739,39356,40120
4740,39044,39829
4741,39050,39774
4742,40128,40836
4743,39360,40072
4744,38037,38841
4745,36170,37057
4746,34542,35426
4747,32661,33521
4748,30661,31362
4749,28770,29476
4750,27074,28474
4751,26271,28030
4752,27057,28666
4753,27556,29155
4754,27283,28877
4755,26760,28364
4756,26227,28080
4757,25748,27648
4758,25313,27463
4759,24944,27096
4760,24928,26920
4761,25294,27122
4762,26050,27577
4763,26743,27874
4764,28403,28939
4765,29927,30628
4766,31593,32475
4767,32892,33717
4768,34269,35152
4769,35132,36020
4770,35624,36503
4771,35941,36825
4772,36159,37023
4773,36364,37227
4774,36443,37324
4775,36240,37123
4776,36077,36925
4777,35550,36358
4778,35440,36255
4779,35072,35952
4780,34885,35766
4781,34945,35828
4782,35205,36089
4783,36014,36879
4784,36747,37511
4785,37128,37884
4786,37022,37739
4787,36875,37527
4788,36590,37132
4789,36595,37134
4790,37159,37670
4791,36876,37407
4792,36035,36720
4793,34520,35366
4794,33221,33968
4795,31806,32449
4796,30130,30877
4797,28687,29818
4798,27119,28696
4799,26217,27915
4800,26924,28185
4801,27270,28401
4802,26997,27787
4803,26521,27499
4804,26067,27734
4805,25686,27405
4806,25251,27002
4807,24882,26617
4808,24777,26528
4809,24970,26658
4810,25292,26879
4811,25865,27023
4812,27364,27964
4813,28974,29584
4814,30807,31414
4815,32125,32786
4816,33564,34177
4817,34299,34933
4818,34631,35318
4819,34622,35232
4820,34567,35313
4821,34458,35315
4822,34464,35295
4823,34075,34932
4824,33807,34668
4825,33294,34153
4826,33028,33887
4827,32531,33390
4828,32369,33228
4829,32262,33121
4830,32476,33335
4831,33222,34081
4832,33949,34806
4833,34265,35126
4834,34235,35096
4835,34221,34978
4836,33949,34571
4837,34269,34887
4838,35202,35818
4839,35374,36113
4840,34665,35522
4841,33821,34686
4842,32694,33558
4843,31538,32392
4844,30176,30914
4845,28589,29216
4846,27067,28014
4847,26195,27619
4848,26791,27961
4849,27145,27961
4850,26706,27753
4851,26259,27446
4852,25582,27533
4853,25231,27188
4854,24676,26694
4855,24323,26334
4856,24224,26223
4857,24187,26080
4858,24168,25902
4859,24378,26115
4860,25407,27099
4861,26412,27826
4862,27763,28751
4863,28829,29535
4864,30325,30951
4865,31431,32085
4866,32358,32968
4867,32817,33427
4868,33340,33950
4869,33633,34244
4870,33925,34533
4871,33688,34298
4872,33163,33917
4873,32345,33204
4874,31721,32575
4875,31336,32154
4876,31180,31942
4877,30956,31653
4878,31088,31744
4879,31483,32205
4880,31909,32635
4881,32004,32652
4882,31984,32617
4883,31953,32567
4884,32031,32647
4885,32357,32974
4886,34062,34678
4887,34552,35167
4888,34241,35002
4889,32985,33851
4890,32079,32827
4891,30663,31265
4892,29000,29526
4893,27524,28049
4894,26288,26814
4895,25500,26167
4896,26175,26796
4897,26605,27155
4898,26359,26884
4899,26053,26608
4900,25538,26552
4901,25087,26164
4902,24595,25849
4903,24279,25572
4904,24357,25751
4905,24543,25700
4906,24809,26025
4907,25358,26437
4908,26519,28032
4909,27665,29248
4910,29032,30666
4911,30231,31482
4912,31659,32292
4913,32758,33390
4914,33439,34070
4915,33773,34409
4916,33848,34481
4917,33885,34518
4918,33879,34511
4919,33531,34162
4920,33201,33901
4921,32708,33340
4922,32374,33006
4923,31918,32550
4924,31708,32340
4925,31704,32333
4926,32071,32702
4927,32809,33440
4928,33705,34336
4929,33907,34546
4930,33985,34614
4931,33895,34520
4932,33899,34461
4933,34278,34837
4934,35635,36244
4935,36391,37006
4936,35786,36548
4937,34088,34927
4938,32668,33382
4939,30784,31380
4940,28874,29401
4941,26922,27711
4942,25550,26525
4943,24970,25981
4944,25711,26572
4945,26236,27204
4946,26005,26896
4947,25595,26499
4948,25213,26485
4949,24932,26305
4950,24653,26022
4951,24610,25862
4952,25046,25716
4953,25982,26505
4954,27758,28277
4955,29951,30474
4956,32964,33644
4957,35175,36056
4958,37300,38186
4959,38537,39420
4960,39577,40461
4961,39880,40764
4962,40165,41051
4963,40174,41060
4964,40376,41262
4965,40463,41349
4966,40650,41533
4967,40396,41283
4968,40279,41166
4969,39909,40793
4970,39878,40761
4971,39495,40379
4972,39338,40220
4973,39345,40228
4974,39640,40523
4975,40191,41071
4976,40583,41461
4977,40508,41387
4978,40155,41039
4979,39815,40701
4980,39418,40284
4981,39379,40243
4982,40252,41113
4983,40394,41260
4984,38939,39806
4985,37342,38208
4986,35411,36269
4987,33013,33722
4988,30746,31613
4989,28663,30178
4990,27107,28750
4991,26396,28031
4992,26926,28558
4993,27422,29041
4994,27104,28726
4995,26727,28400
4996,26280,27957
4997,25881,27553
4998,25573,27238