settlement_period,nd
1,37910
2,38047
3,37380
4,36426
5,35687
6,35408
7,34322
8,33076
9,31970
10,31270
11,30726
12,30320
13,30429
14,30287
15,29650
16,28841
17,29007
18,29787
19,31362
20,33257
21,34932
22,36579
23,37967
24,39235
25,40204
26,40672
27,40806
28,40781
29,40758
30,40524
31,40796
32,41703
33,43527
34,45488
35,46028
36,45876
37,45195
38,44289
39,43784
40,42583
41,42181
42,40746
43,39961
44,38333
45,36951
46,35987
47,34769
48,33504
1,34221
2,34029
3,33705
4,32904
5,32715
6,32867
7,32262
8,31464
9,30776
10,30347
11,30291
12,30595
13,31900
14,33131
15,33977
16,34708
17,36067
18,37976
19,39972
20,41339
21,42408
22,42972
23,43418
24,43652
25,43988
26,43882
27,43957
28,43673
29,43795
30,43613
31,43936
32,44767
33,46900
34,49706
35,51181
36,51268
37,50448
38,49419
39,48356
40,46897
41,45766
42,44489
43,43103
44,41338
45,40133
46,38940
47,37310
48,36160
1,36626
2,36153
3,35558
4,34533
5,34118
6,34140
7,33497
8,32708
9,32000
10,31607
11,31374
12,31433
13,32116
14,32522
15,32979
16,33360
17,34669
18,36589
19,38768
20,40235
21,41431
22,42019
23,42315
24,42421
25,42653
26,42508
27,42351
28,41856
29,41696
30,41525
31,41848
32,42631
33,45019
34,48084
35,49881
36,49834
37,49416
38,48370
39,47345
40,46190
41,45080
42,43622
43,42299
44,40793
45,39593
46,38560
47,37101
48,36265
1,36713
2,36173
3,35395
4,34446
5,33898
6,33957
7,33628
8,32787
9,32076
10,31545
11,31166
12,30904
13,31166
14,31174
15,31046
16,31020
17,31999
18,33665
19,35902
20,37919
21,40144
22,41664
23,43026
24,43935
25,44747
26,44918
27,45087
28,44942
29,45063
30,45105
31,45120
32,46031
33,47778
34,50117
35,50628
36,50293
37,49727
38,48632
39,47634
40,46681
41,46082
42,44452
43,43504
44,41342
45,39890
46,38023
47,35705
48,34558
1,35293
2,35182
3,34988
4,34328
5,34209
6,34513
7,34075
8,33280
9,32684
10,32632
11,32822
12,33748
13,36507
14,39690
15,43268
16,45523
17,46998
18,47948
19,49557
20,50218
21,50624
22,50760
23,51057
24,51100
25,51356
26,51128
27,51105
28,50904
29,51117
30,50906
31,50706
32,51577
33,53469
34,56299
35,57511
36,56906
37,56381
38,55441
39,54385
40,53080
41,51434
42,50135
43,48545
44,45920
45,44086
46,41578
47,39029
48,37644
1,38051
2,38013
3,37904
4,37351
5,37138
6,37475
7,37167
8,36525
9,36035
10,35908
11,36212
12,37276
13,40062
14,43224
15,46930
16,49031
17,49844
18,50139
19,51470
20,52011
21,52128
22,52148
23,52020
24,51988
25,52074
26,51836
27,51657
28,51318
29,51470
30,51270
31,51171
32,52309
33,54404
34,57571
35,58594
36,58045
37,57401
38,56559
39,55559
40,53965
41,52967
42,51282
43,49370
44,47010
45,44653
46,42281
47,39576
48,38394
1,38746
2,38615
3,38580
4,38090
5,37939
6,38233
7,37785
8,37245
9,36671
10,36598
11,36797
12,37483
13,40212
14,43441
15,47218
16,49686
17,50800
18,50594
19,51792
20,52420
21,52631
22,52853
23,52910
24,52847
25,53010
26,52821
27,52632
28,52500
29,52581
30,52392
31,52247
32,53325
33,55383
34,57494
35,58295
36,57507
37,56830
38,55737
39,54490
40,53306
41,51900
42,50014
43,48340
44,46236
45,43706
46,41520
47,39085
48,37606
1,38055
2,37957
3,37821
4,37165
5,36872
6,37124
7,36508
8,35998
9,35455
10,35165
11,35354
12,36119
13,39045
14,42301
15,46321
16,48733
17,49637
18,49421
19,50194
20,50579
21,50507
22,50527
23,50566
24,50602
25,50610
26,50338
27,50296
28,49983
29,50084
30,49882
31,49960
32,50952
33,53229
34,56289
35,57175
36,56862
37,56161
38,55275
39,53878
40,52495
41,51438
42,49648
43,47828
44,45407
45,43232
46,41084
47,38639
48,37305
1,37773
2,37718
3,37692
4,37130
5,36816
6,37061
7,36587
8,35878
9,35275
10,35119
11,35343
12,36115
13,38758
14,42004
15,46039
16,48731
17,49722
18,49695
19,50762
20,51083
21,51323
22,51361
23,51470
24,51359
25,51304
26,50901
27,50555
28,50160
29,49990
30,49725
31,49505
32,50211
33,52022
34,55397
35,56662
36,56125
37,55376
38,54286
39,52900
40,51345
41,49533
42,47869
43,46390
44,44255
45,42506
46,41184
47,39127
48,38144
1,38618
2,38189
3,37596
4,36584
5,36292
6,36354
7,35985
8,35238
9,34558
10,34091
11,33777
12,33674
13,34482
14,35082
15,35794
16,36585
17,38088
18,40554
19,43028
20,44570
21,45756
22,46185
23,46372
24,46466
25,46624
26,46351
27,46070
28,45934
29,45871
30,45564
31,45651
32,46192
33,47583
34,50435
35,51930
36,51947
37,50831
38,49828
39,48781
40,47263
41,45950
42,44330
43,42901
44,41411
45,39825
46,38769
47,37144
48,36253
1,36968
2,36466
3,35834
4,34905
5,34327
6,34358
7,33756
8,32947
9,32103
10,31594
11,31305
12,31156
13,31455
14,31481
15,31428
16,31307
17,32441
18,34181
19,36320
20,38247
21,40138
22,41430
23,42428
24,43104
25,43791
26,44012
27,43636
28,43468
29,43291
30,43167
31,43204
32,44169
33,46413
34,48446
35,49437
36,48949
37,48511
38,47430
39,46551
40,45309
41,44097
42,43026
43,41572
44,39733
45,38046
46,36289
47,34204
48,33036
1,33741
2,33730
3,33438
4,32867
5,32655
6,32783
7,32310
8,31592
9,31041
10,30801
11,31129
12,32196
13,35498
14,38920
15,43220
16,45959
17,47167
18,47026
19,47928
20,48516
21,48675
22,48948
23,49243
24,49445
25,49789
26,49682
27,49615
28,49553
29,49636
30,49404
31,49271
32,50425
33,52383
34,54476
35,55489
36,54537
37,53503
38,52561
39,51292
40,50000
41,48167
42,46551
43,44910
44,42592
45,40660
46,38640
47,36365
48,35029
1,35658
2,35508
3,35324
4,34705
5,34451
6,34480
7,33778
8,33037
9,32425
10,32236
11,32530
12,33509
13,36600
14,39927
15,44015
16,46440
17,47021
18,46698
19,47468
20,47790
21,47888
22,48046
23,48014