settlement_date,nd
2009-01-01,37910
2009-01-01,38047
2009-01-01,37380
2009-01-01,36426
2009-01-01,35687
2009-01-01,35408
2009-01-01,34322
2009-01-01,33076
2009-01-01,31970
2009-01-01,31270
2009-01-01,30726
2009-01-01,30320
2009-01-01,30429
2009-01-01,30287
2009-01-01,29650
2009-01-01,28841
2009-01-01,29007
2009-01-01,29787
2009-01-01,31362
2009-01-01,33257
2009-01-01,34932
2009-01-01,36579
2009-01-01,37967
2009-01-01,39235
2009-01-01,40204
2009-01-01,40672
2009-01-01,40806
2009-01-01,40781
2009-01-01,40758
2009-01-01,40524
2009-01-01,40796
2009-01-01,41703
2009-01-01,43527
2009-01-01,45488
2009-01-01,46028
2009-01-01,45876
2009-01-01,45195
2009-01-01,44289
2009-01-01,43784
2009-01-01,42583
2009-01-01,42181
2009-01-01,40746
2009-01-01,39961
2009-01-01,38333
2009-01-01,36951
2009-01-01,35987
2009-01-01,34769
2009-01-01,33504
2009-01-02,34221
2009-01-02,34029
2009-01-02,33705
2009-01-02,32904
2009-01-02,32715
2009-01-02,32867
2009-01-02,32262
2009-01-02,31464
2009-01-02,30776
2009-01-02,30347
2009-01-02,30291
2009-01-02,30595
2009-01-02,31900
2009-01-02,33131
2009-01-02,33977
2009-01-02,34708
2009-01-02,36067
2009-01-02,37976
2009-01-02,39972
2009-01-02,41339
2009-01-02,42408
2009-01-02,42972
2009-01-02,43418
2009-01-02,43652
2009-01-02,43988
2009-01-02,43882
2009-01-02,43957
2009-01-02,43673
2009-01-02,43795
2009-01-02,43613
2009-01-02,43936
2009-01-02,44767
2009-01-02,46900
2009-01-02,49706
2009-01-02,51181
2009-01-02,51268
2009-01-02,50448
2009-01-02,49419
2009-01-02,48356
2009-01-02,46897
2009-01-02,45766
2009-01-02,44489
2009-01-02,43103
2009-01-02,41338
2009-01-02,40133
2009-01-02,38940
2009-01-02,37310
2009-01-02,36160
2009-01-03,36626
2009-01-03,36153
2009-01-03,35558
2009-01-03,34533
2009-01-03,34118
2009-01-03,34140
2009-01-03,33497
2009-01-03,32708
2009-01-03,32000
2009-01-03,31607
2009-01-03,31374
2009-01-03,31433
2009-01-03,32116
2009-01-03,32522
2009-01-03,32979
2009-01-03,33360
2009-01-03,34669
2009-01-03,36589
2009-01-03,38768
2009-01-03,40235
2009-01-03,41431
2009-01-03,42019
2009-01-03,42315
2009-01-03,42421
2009-01-03,42653
2009-01-03,42508
2009-01-03,42351
2009-01-03,41856
2009-01-03,41696
2009-01-03,41525
2009-01-03,41848
2009-01-03,42631
2009-01-03,45019
2009-01-03,48084
2009-01-03,49881
2009-01-03,49834
2009-01-03,49416
2009-01-03,48370
2009-01-03,47345
2009-01-03,46190
2009-01-03,45080
2009-01-03,43622
2009-01-03,42299
2009-01-03,40793
2009-01-03,39593
2009-01-03,38560
2009-01-03,37101
2009-01-03,36265
2009-01-04,36713
2009-01-04,36173
2009-01-04,35395
2009-01-04,34446
2009-01-04,33898
2009-01-04,33957
2009-01-04,33628
2009-01-04,32787
2009-01-04,32076
2009-01-04,31545
2009-01-04,31166
2009-01-04,30904
2009-01-04,31166
2009-01-04,31174
2009-01-04,31046
2009-01-04,31020
2009-01-04,31999
2009-01-04,33665
2009-01-04,35902
2009-01-04,37919
2009-01-04,40144
2009-01-04,41664
2009-01-04,43026
2009-01-04,43935
2009-01-04,44747
2009-01-04,44918
2009-01-04,45087
2009-01-04,44942
2009-01-04,45063
2009-01-04,45105
2009-01-04,45120
2009-01-04,46031
2009-01-04,47778
2009-01-04,50117
2009-01-04,50628
2009-01-04,50293
2009-01-04,49727
2009-01-04,48632
2009-01-04,47634
2009-01-04,46681
2009-01-04,46082
2009-01-04,44452
2009-01-04,43504
2009-01-04,41342
2009-01-04,39890
2009-01-04,38023
2009-01-04,35705
2009-01-04,34558
2009-01-05,35293
2009-01-05,35182
2009-01-05,34988
2009-01-05,34328
2009-01-05,34209
2009-01-05,34513
2009-01-05,34075
2009-01-05,33280
2009-01-05,32684
2009-01-05,32632
2009-01-05,32822
2009-01-05,33748
2009-01-05,36507
2009-01-05,39690
2009-01-05,43268
2009-01-05,45523
2009-01-05,46998
2009-01-05,47948
2009-01-05,49557
2009-01-05,50218
2009-01-05,50624
2009-01-05,50760
2009-01-05,51057
2009-01-05,51100
2009-01-05,51356
2009-01-05,51128
2009-01-05,51105
2009-01-05,50904
2009-01-05,51117
2009-01-05,50906
2009-01-05,50706
2009-01-05,51577
2009-01-05,53469
2009-01-05,56299
2009-01-05,57511
2009-01-05,56906
2009-01-05,56381
2009-01-05,55441
2009-01-05,54385
2009-01-05,53080
2009-01-05,51434
2009-01-05,50135
2009-01-05,48545
2009-01-05,45920
2009-01-05,44086
2009-01-05,41578
2009-01-05,39029
2009-01-05,37644
2009-01-06,38051
2009-01-06,38013
2009-01-06,37904
2009-01-06,37351
2009-01-06,37138
2009-01-06,37475
2009-01-06,37167
2009-01-06,36525
2009-01-06,36035
2009-01-06,35908
2009-01-06,36212
2009-01-06,37276
2009-01-06,40062
2009-01-06,43224
2009-01-06,46930
2009-01-06,49031
2009-01-06,49844
2009-01-06,50139
2009-01-06,51470
2009-01-06,52011
2009-01-06,52128
2009-01-06,52148
2009-01-06,52020
2009-01-06,51988
2009-01-06,52074
2009-01-06,51836
2009-01-06,51657
2009-01-06,51318
2009-01-06,51470
2009-01-06,51270
2009-01-06,51171
2009-01-06,52309
2009-01-06,54404
2009-01-06,57571
2009-01-06,58594
2009-01-06,58045
2009-01-06,57401
2009-01-06,56559
2009-01-06,55559
2009-01-06,53965
2009-01-06,52967
2009-01-06,51282
2009-01-06,49370
2009-01-06,47010
2009-01-06,44653
2009-01-06,42281
2009-01-06,39576
2009-01-06,38394
2009-01-07,38746
2009-01-07,38615
2009-01-07,38580
2009-01-07,38090
2009-01-07,37939
2009-01-07,38233
2009-01-07,37785
2009-01-07,37245
2009-01-07,36671
2009-01-07,36598
2009-01-07,36797
2009-01-07,37483
2009-01-07,40212
2009-01-07,43441
2009-01-07,47218
2009-01-07,49686
2009-01-07,50800
2009-01-07,50594
2009-01-07,51792
2009-01-07,52420
2009-01-07,52631
2009-01-07,52853
2009-01-07,52910
2009-01-07,52847
2009-01-07,53010
2009-01-07,52821
2009-01-07,52632
2009-01-07,52500
2009-01-07,52581
2009-01-07,52392
2009-01-07,52247
2009-01-07,53325
2009-01-07,55383
2009-01-07,57494
2009-01-07,58295
2009-01-07,57507
2009-01-07,56830
2009-01-07,55737
2009-01-07,54490
2009-01-07,53306
2009-01-07,51900
2009-01-07,50014
2009-01-07,48340
2009-01-07,46236
2009-01-07,43706
2009-01-07,41520
2009-01-07,39085
2009-01-07,37606
2009-01-08,38055
2009-01-08,37957
2009-01-08,37821
2009-01-08,37165
2009-01-08,36872
2009-01-08,37124
2009-01-08,36508
2009-01-08,35998
2009-01-08,35455
2009-01-08,35165
2009-01-08,35354
2009-01-08,36119
2009-01-08,39045
2009-01-08,42301
2009-01-08,46321
2009-01-08,48733
2009-01-08,49637
2009-01-08,49421
2009-01-08,50194
2009-01-08,50579
2009-01-08,50507
2009-01-08,50527
2009-01-08,50566
2009-01-08,50602
2009-01-08,50610
2009-01-08,50338
2009-01-08,50296
2009-01-08,49983
2009-01-08,50084
2009-01-08,49882
2009-01-08,49960
2009-01-08,50952
2009-01-08,53229
2009-01-08,56289
2009-01-08,57175
2009-01-08,56862
2009-01-08,56161
2009-01-08,55275
2009-01-08,53878
2009-01-08,52495
2009-01-08,51438
2009-01-08,49648
2009-01-08,47828
2009-01-08,45407
2009-01-08,43232
2009-01-08,41084
2009-01-08,38639
2009-01-08,37305
2009-01-09,37773
2009-01-09,37718
2009-01-09,37692
2009-01-09,37130
2009-01-09,36816
2009-01-09,37061
2009-01-09,36587
2009-01-09,35878
2009-01-09,35275
2009-01-09,35119
2009-01-09,35343
2009-01-09,36115
2009-01-09,38758
2009-01-09,42004
2009-01-09,46039
2009-01-09,48731
2009-01-09,49722
2009-01-09,49695
2009-01-09,50762
2009-01-09,51083
2009-01-09,51323
2009-01-09,51361
2009-01-09,51470
2009-01-09,51359
2009-01-09,51304
2009-01-09,50901
2009-01-09,50555
2009-01-09,50160
2009-01-09,49990
2009-01-09,49725
2009-01-09,49505
2009-01-09,50211
2009-01-09,52022
2009-01-09,55397
2009-01-09,56662
2009-01-09,56125
2009-01-09,55376
2009-01-09,54286
2009-01-09,52900
2009-01-09,51345
2009-01-09,49533
2009-01-09,47869
2009-01-09,46390
2009-01-09,44255
2009-01-09,42506
2009-01-09,41184
2009-01-09,39127
2009-01-09,38144
2009-01-10,38618
2009-01-10,38189
2009-01-10,37596
2009-01-10,36584
2009-01-10,36292
2009-01-10,36354
2009-01-10,35985
2009-01-10,35238
2009-01-10,34558
2009-01-10,34091
2009-01-10,33777
2009-01-10,33674
2009-01-10,34482
2009-01-10,35082
2009-01-10,35794
2009-01-10,36585
2009-01-10,38088
2009-01-10,40554
2009-01-10,43028
2009-01-10,44570
2009-01-10,45756
2009-01-10,46185
2009-01-10,46372
2009-01-10,46466
2009-01-10,46624
2009-01-10,46351
2009-01-10,46070
2009-01-10,45934
2009-01-10,45871
2009-01-10,45564
2009-01-10,45651
2009-01-10,46192
2009-01-10,47583
2009-01-10,50435
2009-01-10,51930
2009-01-10,51947
2009-01-10,50831
2009-01-10,49828
2009-01-10,48781
2009-01-10,47263
2009-01-10,45950
2009-01-10,44330
2009-01-10,42901
2009-01-10,41411
2009-01-10,39825
2009-01-10,38769
2009-01-10,37144
2009-01-10,36253
2009-01-11,36968
2009-01-11,36466
2009-01-11,35834
2009-01-11,34905
2009-01-11,34327
2009-01-11,34358
2009-01-11,33756
2009-01-11,32947
2009-01-11,32103
2009-01-11,31594
2009-01-11,31305
2009-01-11,31156
2009-01-11,31455
2009-01-11,31481
2009-01-11,31428
2009-01-11,31307
2009-01-11,32441
2009-01-11,34181
2009-01-11,36320
2009-01-11,38247
2009-01-11,40138
2009-01-11,41430
2009-01-11,42428
2009-01-11,43104
2009-01-11,43791
2009-01-11,44012
2009-01-11,43636
2009-01-11,43468
2009-01-11,43291
2009-01-11,43167
2009-01-11,43204
2009-01-11,44169
2009-01-11,46413
2009-01-11,48446
2009-01-11,49437
2009-01-11,48949
2009-01-11,48511
2009-01-11,47430
2009-01-11,46551
2009-01-11,45309
2009-01-11,44097
2009-01-11,43026
2009-01-11,41572
2009-01-11,39733
2009-01-11,38046
2009-01-11,36289
2009-01-11,34204
2009-01-11,33036
2009-01-12,33741
2009-01-12,33730
2009-01-12,33438
2009-01-12,32867
2009-01-12,32655
2009-01-12,32783
2009-01-12,32310
2009-01-12,31592
2009-01-12,31041
2009-01-12,30801
2009-01-12,31129
2009-01-12,32196
2009-01-12,35498
2009-01-12,38920
2009-01-12,43220
2009-01-12,45959
2009-01-12,47167
2009-01-12,47026
2009-01-12,47928
2009-01-12,48516
2009-01-12,48675
2009-01-12,48948
2009-01-12,49243
2009-01-12,49445
2009-01-12,49789
2009-01-12,49682
2009-01-12,49615
2009-01-12,49553
2009-01-12,49636
2009-01-12,49404
2009-01-12,49271
2009-01-12,50425
2009-01-12,52383
2009-01-12,54476
2009-01-12,55489
2009-01-12,54537
2009-01-12,53503
2009-01-12,52561
2009-01-12,51292
2009-01-12,50000
2009-01-12,48167
2009-01-12,46551
2009-01-12,44910
2009-01-12,42592
2009-01-12,40660
2009-01-12,38640
2009-01-12,36365
2009-01-12,35029
2009-01-13,35658
2009-01-13,35508
2009-01-13,35324
2009-01-13,34705
2009-01-13,34451
2009-01-13,34480
2009-01-13,33778
2009-01-13,33037
2009-01-13,32425
2009-01-13,32236
2009-01-13,32530
2009-01-13,33509
2009-01-13,36600
2009-01-13,39927
2009-01-13,44015
2009-01-13,46440
2009-01-13,47021
2009-01-13,46698
2009-01-13,47468
2009-01-13,47790
2009-01-13,47888
2009-01-13,48046
2009-01-13,48014